{'role': 'user', 'content': '<tool_result> <execute-command> ToolResult(success=True, output=\'{\\n  "output": "Here are the first 80K chars of the output:\\\\n---\\\\nOn branch main\\\\nYour branch is up to date with \\\'machine-native-ops/main\\\'.\\\\n\\\\nChanges to be committed:\\\\n  (use \\\\"git restore --staged <file>...\\\\" to unstage)\\\\n\\\\tmodified:   .github/workflows/pr-quality-check.yml\\\\n\\\\tmodified:   .pre-commit-config.yaml\\\\n\\\\tmodified:   00-namespaces/.github/workflows/instant-validation.yml\\\\n\\\\tmodified:   00-namespaces/docs/INSTANT-EXECUTION-MANIFEST.schema.json\\\\n\\\\tmodified:   00-namespaces/docs/INSTANT-EXECUTION-MANIFEST.yaml\\\\n\\\\tmodified:   00-namespaces/namespace_registry/registry.yaml\\\\n\\\\tmodified:   00-namespaces/namespace_registry/registry_manager.py\\\\n\\\\tmodified:   00-namespaces/namespaces-adk/adk-package-config.yaml\\\\n\\\\tmodified:   00-namespaces/namespaces-adk/config/logging.yaml\\\\n\\\\tmodified:   00-namespaces/namespaces-adk/config/policies.yaml\\\\n\\\\tmodified:   00-namespaces/namespaces-adk/config/settings.yaml\\\\n\\\\tmodified:   00-namespaces/namespaces-mcp/.eslintrc.json\\\\n\\\\tmodified:   00-namespaces/namespaces-mcp/.instant-manifest.yaml\\\\n\\\\tmodified:   00-namespaces/namespaces-mcp/categories.yaml\\\\n\\\\tmodified:   00-namespaces/namespaces-mcp/config/conversion.yaml\\\\n\\\\tmodified:   00-namespaces/namespaces-mcp/config/governance.yaml\\\\n\\\\tmodified:   00-namespaces/namespaces-mcp/config/mcp-rules.yaml\\\\n\\\\tmodified:   00-namespaces/namespaces-mcp/docs/KNOWLEDGE_INDEX.yaml\\\\n\\\\tmodified:   00-namespaces/namespaces-mcp/index.yaml\\\\n\\\\tmodified:   00-namespaces/namespaces-mcp/k8s/backup-cronjob.yaml\\\\n\\\\tmodified:   00-namespaces/namespaces-mcp/k8s/deployment.yaml\\\\n\\\\tmodified:   00-namespaces/namespaces-mcp/k8s/monitoring.yaml\\\\n\\\\tmodified:   00-namespaces/namespaces-mcp/level1/core/categories.yaml\\\\n\\\\tmodified:   00-namespaces/namespaces-mcp/level1/core/governance.yaml\\\\n\\\\tmodified:   00-namespaces/namespaces-mcp/level1/core/index.yaml\\\\n\\\\tmodified:   00-namespaces/namespaces-mcp/level1/core/manifest.yaml\\\\n\\\\tmodified:   00-namespaces/namespaces-mcp/level1/core/policies.yaml\\\\n\\\\tmodified:   00-namespaces/namespaces-mcp/level1/core/roles.yaml\\\\n\\\\tmodified:   00-namespaces/namespaces-mcp/level1/core/schema.yaml\\\\n\\\\tmodified:   00-namespaces/namespaces-mcp/level1/core/spec.yaml\\\\n\\\\tmodified:   00-namespaces/namespaces-mcp/level1/core/tools.yaml\\\\n\\\\tmodified:   00-namespaces/namespaces-mcp/level1/examples/basic-artifact/manifest.yaml\\\\n\\\\tmodified:   00-namespaces/namespaces-mcp/level1/governance/categories.yaml\\\\n\\\\tmodified:   00-namespaces/namespaces-mcp/level1/governance/index.yaml\\\\n\\\\tmodified:   00-namespaces/namespaces-mcp/level1/governance/manifest.yaml\\\\n\\\\tmodified:   00-namespaces/namespaces-mcp/level1/governance/policies.yaml\\\\n\\\\tmodified:   00-namespaces/namespaces-mcp/level1/governance/roles.yaml\\\\n\\\\tmodified:   00-namespaces/namespaces-mcp/level1/governance/schema.yaml\\\\n\\\\tmodified:   00-namespaces/namespaces-mcp/level1/governance/spec.yaml\\\\n\\\\tmodified:   00-namespaces/namespaces-mcp/level1/instant-system/docker-compose.yml\\\\n\\\\tmodified:   00-namespaces/namespaces-mcp/level1/registries/0-naming-rules-registry.yaml\\\\n\\\\tmodified:   00-namespaces/namespaces-mcp/level1/registries/1-team-identity-registry.yaml\\\\n\\\\tmodified:   00-namespaces/namespaces-mcp/level1/registries/2-directory-taxonomy-registry.yaml\\\\n\\\\tmodified:   00-namespaces/namespaces-mcp/level1/registries/3-artifact-entry-registry.yaml\\\\n\\\\tmodified:   00-namespaces/namespaces-mcp/level1/registries/4-mapping-key-registry.yaml\\\\n\\\\tmodified:   00-namespaces/namespaces-mcp/level1/registries/5-dependency-identifier-registry.yaml\\\\n\\\\tmodified:   00-namespaces/namespaces-mcp/level1/registries/6-reference-tag-registry.yaml\\\\n\\\\tmodified:   00-namespaces/namespaces-mcp/level1/registries/7-toolchain-identifier-registry.yaml\\\\n\\\\tmodified:   00-namespaces/namespaces-mcp/level1/registries/index.yaml\\\\n\\\\tmodified:   00-namespaces/namespaces-mcp/level2/.eslintrc.json\\\\n\\\\tmodified:   00-namespaces/namespaces-mcp/level2/bundles/communication.bundle.yaml\\\\n\\\\tmodified:   00-namespaces/namespaces-mcp/level2/bundles/configuration-governance.bundle.yaml\\\\n\\\\tmodified:   00-namespaces/namespaces-mcp/level2/bundles/data-management.bundle.yaml\\\\n\\\\tmodified:   00-namespaces/namespaces-mcp/level2/bundles/integration-extension.bundle.yaml\\\\n\\\\tmodified:   00-namespaces/namespaces-mcp/level2/bundles/monitoring-observability.bundle.yaml\\\\n\\\\tmodified:   00-namespaces/namespaces-mcp/level2/bundles/protocol.bundle.yaml\\\\n\\\\tmodified:   00-namespaces/namespaces-mcp/level2/endpoints/endpoints.yaml\\\\n\\\\tmodified:   00-namespaces/namespaces-mcp/level2/flows/data-pipeline.flow.yaml\\\\n\\\\tmodified:   00-namespaces/namespaces-mcp/level2/flows/governance-workflow.flow.yaml\\\\n\\\\tmodified:   00-namespaces/namespaces-mcp/level2/flows/integration-workflow.flow.yaml\\\\n\\\\tmodified:   00-namespaces/namespaces-mcp/level2/flows/monitoring-pipeline.flow.yaml\\\\n\\\\tmodified:   00-namespaces/namespaces-mcp/level2/flows/rag-pipeline.flow.yaml\\\\n\\\\tmodified:   00-namespaces/namespaces-mcp/level2/graphs/communication.graph.yaml\\\\n\\\\tmodified:   00-namespaces/namespaces-mcp/level2/graphs/configuration-governance.graph.yaml\\\\n\\\\tmodified:   00-namespaces/namespaces-mcp/level2/graphs/data-management.graph.yaml\\\\n\\\\tmodified:   00-namespaces/namespaces-mcp/level2/graphs/integration-extension.graph.yaml\\\\n\\\\tmodified:   00-namespaces/namespaces-mcp/level2/graphs/monitoring-observability.graph.yaml\\\\n\\\\tmodified:   00-namespaces/namespaces-mcp/level2/graphs/protocol.graph.yaml\\\\n\\\\tmodified:   00-namespaces/namespaces-mcp/level2/manifests/communication.manifest.yaml\\\\n\\\\tmodified:   00-namespaces/namespaces-mcp/level2/manifests/configuration-governance.manifest.yaml\\\\n\\\\tmodified:   00-namespaces/namespaces-mcp/level2/manifests/data-management.manifest.yaml\\\\n\\\\tmodified:   00-namespaces/namespaces-mcp/level2/manifests/integration-extension.manifest.yaml\\\\n\\\\tmodified:   00-namespaces/namespaces-mcp/level2/manifests/monitoring-observability.manifest.yaml\\\\n\\\\tmodified:   00-namespaces/namespaces-mcp/level2/manifests/protocol.manifest.yaml\\\\n\\\\tmodified:   00-namespaces/namespaces-mcp/level2/package.json\\\\n\\\\tmodified:   00-namespaces/namespaces-mcp/level2/policies/communication.policy.yaml\\\\n\\\\tmodified:   00-namespaces/namespaces-mcp/level2/policies/configuration-governance.policy.yaml\\\\n\\\\tmodified:   00-namespaces/namespaces-mcp/level2/policies/data-management.policy.yaml\\\\n\\\\tmodified:   00-namespaces/namespaces-mcp/level2/policies/integration-extension.policy.yaml\\\\n\\\\tmodified:   00-namespaces/namespaces-mcp/level2/policies/monitoring-observability.policy.yaml\\\\n\\\\tmodified:   00-namespaces/namespaces-mcp/level2/policies/protocol.policy.yaml\\\\n\\\\tmodified:   00-namespaces/namespaces-mcp/level2/registries/artifact-entry-registry.yaml\\\\n\\\\tmodified:   00-namespaces/namespaces-mcp/level2/registries/dependency-registry.yaml\\\\n\\\\tmodified:   00-namespaces/namespaces-mcp/level2/registries/directory-taxonomy-registry.yaml\\\\n\\\\tmodified:   00-namespaces/namespaces-mcp/level2/registries/mapping-key-registry.yaml\\\\n\\\\tmodified:   00-namespaces/namespaces-mcp/level2/registries/naming-registry.yaml\\\\n\\\\tmodified:   00-namespaces/namespaces-mcp/level2/registries/reference-registry.yaml\\\\n\\\\tmodified:   00-namespaces/namespaces-mcp/level2/registries/team-identity-registry.yaml\\\\n\\\\tmodified:   00-namespaces/namespaces-mcp/level2/registries/toolchain-registry.yaml\\\\n\\\\tmodified:   00-namespaces/namespaces-mcp/level2/schemas/communication.schema.yaml\\\\n\\\\tmodified:   00-namespaces/namespaces-mcp/level2/schemas/configuration-governance.schema.yaml\\\\n\\\\tmodified:   00-namespaces/namespaces-mcp/level2/schemas/data-management.schema.yaml\\\\n\\\\tmodified:   00-namespaces/namespaces-mcp/level2/schemas/integration-extension.schema.yaml\\\\n\\\\tmodified:   00-namespaces/namespaces-mcp/level2/schemas/monitoring-observability.schema.yaml\\\\n\\\\tmodified:   00-namespaces/namespaces-mcp/level2/schemas/protocol.schema.yaml\\\\n\\\\tmodified:   00-namespaces/namespaces-mcp/level2/specs/communication.spec.yaml\\\\n\\\\tmodified:   00-namespaces/namespaces-mcp/level2/specs/configuration-governance.spec.yaml\\\\n\\\\tmodified:   00-namespaces/namespaces-mcp/level2/specs/data-management.spec.yaml\\\\n\\\\tmodified:   00-namespaces/namespaces-mcp/level2/specs/integration-extension.spec.yaml\\\\n\\\\tmodified:   00-namespaces/namespaces-mcp/level2/specs/monitoring-observability.spec.yaml\\\\n\\\\tmodified:   00-namespaces/namespaces-mcp/level2/specs/protocol.spec.yaml\\\\n\\\\tmodified:   00-namespaces/namespaces-mcp/level2/tsconfig.json\\\\n\\\\tmodified:   00-namespaces/namespaces-mcp/level3/.github/workflows/ci-cd.yml\\\\n\\\\tmodified:   00-namespaces/namespaces-mcp/level3/config/engine_map.yaml\\\\n\\\\tmodified:   00-namespaces/namespaces-mcp/level3/endpoints/api-routes.yaml\\\\n\\\\tmodified:   00-namespaces/namespaces-mcp/level3/engines/dag/artifacts/dag-definition.schema.yaml\\\\n\\\\tmodified:   00-namespaces/namespaces-mcp/level3/engines/dag/artifacts/dependency-matrix.schema.yaml\\\\n\\\\tmodified:   00-namespaces/namespaces-mcp/level3/engines/dag/artifacts/lineage-graph.schema.yaml\\\\n\\\\tmodified:   00-namespaces/namespaces-mcp/level3/engines/dag/dag-engine.bundle.yaml\\\\n\\\\tmodified:   00-namespaces/namespaces-mcp/level3/engines/dag/dag-engine.flow.yaml\\\\n\\\\tmodified:   00-namespaces/namespaces-mcp/level3/engines/dag/dag-engine.graph.yaml\\\\n\\\\tmodified:   00-namespaces/namespaces-mcp/level3/engines/dag/dag-engine.manifest.yaml\\\\n\\\\tmodified:   00-namespaces/namespaces-mcp/level3/engines/dag/dag-engine.policy.yaml\\\\n\\\\tmodified:   00-namespaces/namespaces-mcp/level3/engines/dag/dag-engine.spec.yaml\\\\n\\\\tmodified:   00-namespaces/namespaces-mcp/level3/engines/execution/artifacts/execution-log.schema.yaml\\\\n\\\\tmodified:   00-namespaces/namespaces-mcp/level3/engines/execution/artifacts/execution-plan.schema.yaml\\\\n\\\\tmodified:   00-namespaces/namespaces-mcp/level3/engines/execution/artifacts/rollback-manifest.schema.yaml\\\\n\\\\tmodified:   00-namespaces/namespaces-mcp/level3/engines/execution/artifacts/transaction-record.schema.yaml\\\\n\\\\tmodified:   00-namespaces/namespaces-mcp/level3/engines/execution/execution-engine.bundle.yaml\\\\n\\\\tmodified:   00-namespaces/namespaces-mcp/level3/engines/execution/execution-engine.flow.yaml\\\\n\\\\tmodified:   00-namespaces/namespaces-mcp/level3/engines/execution/execution-engine.graph.yaml\\\\n\\\\tmodified:   00-namespaces/namespaces-mcp/level3/engines/execution/execution-engine.manifest.yaml\\\\n\\\\tmodified:   00-namespaces/namespaces-mcp/level3/engines/execution/execution-engine.policy.yaml\\\\n\\\\tmodified:   00-namespaces/namespaces-mcp/level3/engines/execution/execution-engine.spec.yaml\\\\n\\\\tmodified:   00-namespaces/namespaces-mcp/level3/engines/governance/artifacts/access-token.schema.yaml\\\\n\\\\tmodified:   00-namespaces/namespaces-mcp/level3/engines/governance/artifacts/audit-log.schema.yaml\\\\n\\\\tmodified:   00-namespaces/namespaces-mcp/level3/engines/governance/artifacts/compliance-report.schema.yaml\\\\n\\\\tmodified:   00-namespaces/namespaces-mcp/level3/engines/governance/artifacts/policy-definition.schema.yaml\\\\n\\\\tmodified:   00-namespaces/namespaces-mcp/level3/engines/governance/governance-engine.bundle.yaml\\\\n\\\\tmodified:   00-namespaces/namespaces-mcp/level3/engines/governance/governance-engine.flow.yaml\\\\n\\\\tmodified:   00-namespaces/namespaces-mcp/level3/engines/governance/governance-engine.graph.yaml\\\\n\\\\tmodified:   00-namespaces/namespaces-mcp/level3/engines/governance/governance-engine.manifest.yaml\\\\n\\\\tmodified:   00-namespaces/namespaces-mcp/level3/engines/governance/governance-engine.policy.yaml\\\\n\\\\tmodified:   00-namespaces/namespaces-mcp/level3/engines/governance/governance-engine.spec.yaml\\\\n\\\\tmodified:   00-namespaces/namespaces-mcp/level3/engines/promotion/artifacts/approval-record.schema.yaml\\\\n\\\\tmodified:   00-namespaces/namespaces-mcp/level3/engines/promotion/artifacts/deployment-manifest.schema.yaml\\\\n\\\\tmodified:   00-namespaces/namespaces-mcp/level3/engines/promotion/artifacts/promoted-artifact.schema.yaml\\\\n\\\\tmodified:   00-namespaces/namespaces-mcp/level3/engines/promotion/artifacts/promotion-plan.schema.yaml\\\\n\\\\tmodified:   00-namespaces/namespaces-mcp/level3/engines/promotion/promotion-engine.bundle.yaml\\\\n\\\\tmodified:   00-namespaces/namespaces-mcp/level3/engines/promotion/promotion-engine.flow.yaml\\\\n\\\\tmodified:   00-namespaces/namespaces-mcp/level3/engines/promotion/promotion-engine.graph.yaml\\\\n\\\\tmodified:   00-namespaces/namespaces-mcp/level3/engines/promotion/promotion-engine.manifest.yaml\\\\n\\\\tmodified:   00-namespaces/namespaces-mcp/level3/engines/promotion/promotion-engine.policy.yaml\\\\n\\\\tmodified:   00-namespaces/namespaces-mcp/level3/engines/promotion/promotion-engine.spec.yaml\\\\n\\\\tmodified:   00-namespaces/namespaces-mcp/level3/engines/rag/artifacts/generated-answer.schema.yaml\\\\n\\\\tmodified:   00-namespaces/namespaces-mcp/level3/engines/rag/artifacts/hybrid-context.schema.yaml\\\\n\\\\tmodified:   00-namespaces/namespaces-mcp/level3/engines/rag/artifacts/knowledge-triplet.schema.yaml\\\\n\\\\tmodified:   00-namespaces/namespaces-mcp/level3/engines/rag/artifacts/vector-chunk.schema.yaml\\\\n\\\\tmodified:   00-namespaces/namespaces-mcp/level3/engines/rag/rag-engine.bundle.yaml\\\\n\\\\tmodified:   00-namespaces/namespaces-mcp/level3/engines/rag/rag-engine.flow.yaml\\\\n\\\\tmodified:   00-namespaces/namespaces-mcp/level3/engines/rag/rag-engine.graph.yaml\\\\n\\\\tmodified:   00-namespaces/namespaces-mcp/level3/engines/rag/rag-engine.manifest.yaml\\\\n\\\\tmodified:   00-namespaces/namespaces-mcp/level3/engines/rag/rag-engine.policy.yaml\\\\n\\\\tmodified:   00-namespaces/namespaces-mcp/level3/engines/rag/rag-engine.spec.yaml\\\\n\\\\tmodified:   00-namespaces/namespaces-mcp/level3/engines/registry/artifact-registry.bundle.yaml\\\\n\\\\tmodified:   00-namespaces/namespaces-mcp/level3/engines/registry/artifact-registry.flow.yaml\\\\n\\\\tmodified:   00-namespaces/namespaces-mcp/level3/engines/registry/artifact-registry.graph.yaml\\\\n\\\\tmodified:   00-namespaces/namespaces-mcp/level3/engines/registry/artifact-registry.policy.yaml\\\\n\\\\tmodified:   00-namespaces/namespaces-mcp/level3/engines/registry/artifact-registry.spec.yaml\\\\n\\\\tmodified:   00-namespaces/namespaces-mcp/level3/engines/registry/artifacts/artifact-instance.schema.yaml\\\\n\\\\tmodified:   00-namespaces/namespaces-mcp/level3/engines/registry/artifacts/metadata.schema.yaml\\\\n\\\\tmodified:   00-namespaces/namespaces-mcp/level3/engines/registry/registry-engine.manifest.yaml\\\\n\\\\tmodified:   00-namespaces/namespaces-mcp/level3/engines/taxonomy/artifacts/entity.schema.yaml\\\\n\\\\tmodified:   00-namespaces/namespaces-mcp/level3/engines/taxonomy/artifacts/ontology-graph.schema.yaml\\\\n\\\\tmodified:   00-namespaces/namespaces-mcp/level3/engines/taxonomy/artifacts/relationship.schema.yaml\\\\n\\\\tmodified:   00-namespaces/namespaces-mcp/level3/engines/taxonomy/artifacts/taxonomy-definition.schema.yaml\\\\n\\\\tmodified:   00-namespaces/namespaces-mcp/level3/engines/taxonomy/artifacts/triplet.schema.yaml\\\\n\\\\tmodified:   00-namespaces/namespaces-mcp/level3/engines/taxonomy/taxonomy-engine.bundle.yaml\\\\n\\\\tmodified:   00-namespaces/namespaces-mcp/level3/engines/taxonomy/taxonomy-engine.flow.yaml\\\\n\\\\tmodified:   00-namespaces/namespaces-mcp/level3/engines/taxonomy/taxonomy-engine.graph.yaml\\\\n\\\\tmodified:   00-namespaces/namespaces-mcp/level3/engines/taxonomy/taxonomy-engine.manifest.yaml\\\\n\\\\tmodified:   00-namespaces/namespaces-mcp/level3/engines/taxonomy/taxonomy-engine.policy.yaml\\\\n\\\\tmodified:   00-namespaces/namespaces-mcp/level3/engines/taxonomy/taxonomy-engine.spec.yaml\\\\n\\\\tmodified:   00-namespaces/namespaces-mcp/level3/engines/validation/artifacts/evaluation-report.schema.yaml\\\\n\\\\tmodified:   00-namespaces/namespaces-mcp/level3/engines/validation/artifacts/metric-score.schema.yaml\\\\n\\\\tmodified:   00-namespaces/namespaces-mcp/level3/engines/validation/artifacts/schema-definition.schema.yaml\\\\n\\\\tmodified:   00-namespaces/namespaces-mcp/level3/engines/validation/artifacts/test-case.schema.yaml\\\\n\\\\tmodified:   00-namespaces/namespaces-mcp/level3/engines/validation/artifacts/validation-report.schema.yaml\\\\n\\\\tmodified:   00-namespaces/namespaces-mcp/level3/engines/validation/validation-engine.bundle.yaml\\\\n\\\\tmodified:   00-namespaces/namespaces-mcp/level3/engines/validation/validation-engine.flow.yaml\\\\n\\\\tmodified:   00-namespaces/namespaces-mcp/level3/engines/validation/validation-engine.graph.yaml\\\\n\\\\tmodified:   00-namespaces/namespaces-mcp/level3/engines/validation/validation-engine.manifest.yaml\\\\n\\\\tmodified:   00-namespaces/namespaces-mcp/level3/engines/validation/validation-engine.policy.yaml\\\\n\\\\tmodified:   00-namespaces/namespaces-mcp/level3/engines/validation/validation-engine.spec.yaml\\\\n\\\\tmodified:   00-namespaces/namespaces-mcp/level3/visualizations/grafana-dashboard.json\\\\n\\\\tmodified:   00-namespaces/namespaces-mcp/level4/.eslintrc.json\\\\n\\\\tmodified:   00-namespaces/namespaces-mcp/level4/.github/workflows/ci-cd.yml\\\\n\\\\tmodified:   00-namespaces/namespaces-mcp/level4/config/level4-capabilities.yaml\\\\n\\\\tmodified:   00-namespaces/namespaces-mcp/level4/openapi.yaml\\\\n\\\\tmodified:   00-namespaces/namespaces-mcp/level4/package.json\\\\n\\\\tmodified:   00-namespaces/namespaces-mcp/level4/tsconfig.json\\\\n\\\\tmodified:   00-namespaces/namespaces-mcp/manifest.yaml\\\\n\\\\tmodified:   00-namespaces/namespaces-mcp/namespace-index.yaml\\\\n\\\\tmodified:   00-namespaces/namespaces-mcp/openapi.yaml\\\\n\\\\tmodified:   00-namespaces/namespaces-mcp/package.json\\\\n\\\\tmodified:   00-namespaces/namespaces-mcp/policies.yaml\\\\n\\\\tmodified:   00-namespaces/namespaces-mcp/reports/module-integration-report.yaml\\\\n\\\\tmodified:   00-namespaces/namespaces-mcp/roles.yaml\\\\n\\\\tmodified:   00-namespaces/namespaces-mcp/schema.yaml\\\\n\\\\tmodified:   00-namespaces/namespaces-mcp/spec.yaml\\\\n\\\\tmodified:   00-namespaces/namespaces-mcp/tests/test_converter.py\\\\n\\\\tmodified:   00-namespaces/namespaces-mcp/tsconfig.json\\\\n\\\\tmodified:   00-namespaces/namespaces-sdk/.github/workflows/instant-system.yml\\\\n\\\\tmodified:   00-namespaces/namespaces-sdk/.github/workflows/sdk-ci.yml\\\\n\\\\tmodified:   00-namespaces/namespaces-sdk/helm/namespace-sdk/Chart.yaml\\\\n\\\\tmodified:   00-namespaces/namespaces-sdk/k8s/crds/namespace-sdk.yaml\\\\n\\\\tmodified:   00-namespaces/namespaces-sdk/monitoring/grafana-dashboard.json\\\\n\\\\tmodified:   00-namespaces/namespaces-sdk/monitoring/prometheus-rules.yml\\\\n\\\\tmodified:   00-namespaces/namespaces-sdk/package.json\\\\n\\\\tmodified:   00-namespaces/namespaces-sdk/security/audit/rules.yaml\\\\n\\\\tmodified:   00-namespaces/namespaces-sdk/security/policies/compliance.yaml\\\\n\\\\tmodified:   00-namespaces/namespaces-sdk/src/adapters/github/schemas/create-issue.json\\\\n\\\\tmodified:   00-namespaces/namespaces-sdk/src/config/instant-execution-config.yaml\\\\n\\\\tmodified:   00-namespaces/namespaces-sdk/templates/namespace-template.yaml\\\\n\\\\tmodified:   00-namespaces/namespaces-sdk/tsconfig.json\\\\n\\\\tmodified:   00-namespaces/taxonomy-core/package.json\\\\n\\\\tmodified:   00-namespaces/taxonomy-core/tsconfig.json\\\\n\\\\tnew file:   ROOT_LAYER_CONSISTENCY_STANDARDIZATION_REPORT.md\\\\n\\\\tnew file:   SYNC_VERIFICATION_REPORT.md\\\\n\\\\tmodified:   TECH_DEBT_PR_REPORT.json\\\\n\\\\tmodified:   archive/instant_migration/INSTANT_MIGRATION_MANIFEST.yaml\\\\n\\\\tmodified:   archive/instant_migration/archive_result_20260109_000725.json\\\\n\\\\tmodified:   archive/instant_migration/metadata_20260109_000725.json\\\\n\\\\tmodified:   auto-quality-report.json\\\\n\\\\tmodified:   code_quality_issues.json\\\\n\\\\tmodified:   contracts/INSTANT-EXECUTION-MANIFEST.yaml\\\\n\\\\tmodified:   controlplane/config/root.config.yaml\\\\n\\\\tmodified:   controlplane/config/root.governance.yaml\\\\n\\\\tmodified:   controlplane/config/root.integrity.yaml\\\\n\\\\tmodified:   controlplane/config/root.modules.yaml\\\\n\\\\tmodified:   controlplane/config/root.naming-policy.yaml\\\\n\\\\tmodified:   controlplane/config/root.provenance.yaml\\\\n\\\\tmodified:   controlplane/config/root.super-execution.yaml\\\\n\\\\tmodified:   controlplane/config/root.trust.yaml\\\\n\\\\tmodified:   controlplane/registries/root.registry.modules.yaml\\\\n\\\\tmodified:   controlplane/registries/root.registry.urns.yaml\\\\n\\\\tmodified:   controlplane/specifications/root.specs.context.yaml\\\\n\\\\tmodified:   controlplane/specifications/root.specs.logic.yaml\\\\n\\\\tmodified:   controlplane/specifications/root.specs.mapping.yaml\\\\n\\\\tmodified:   controlplane/specifications/root.specs.naming.yaml\\\\n\\\\tmodified:   controlplane/specifications/root.specs.references.yaml\\\\n\\\\tmodified:   controlplane/validation/root.validator.schema.yaml\\\\n\\\\tmodified:   design/FileX-standard-template-v1.yaml\\\\n\\\\tmodified:   documentation-manifest.yaml\\\\n\\\\tmodified:   duplicate_paths_analysis.json\\\\n\\\\tmodified:   enhanced-pr-quality-check.yml\\\\n\\\\tmodified:   etc/logging-config.yaml\\\\n\\\\tmodified:   etc/machinenativeops/fhs-structure-config.yaml\\\\n\\\\tmodified:   eval_usage_analysis.json\\\\n\\\\tmodified:   governance-manifest.yaml\\\\n\\\\tmodified:   knowledge_base.json\\\\n\\\\tmodified:   package-lock.json\\\\n\\\\tmodified:   package.json\\\\n\\\\tmodified:   phase4a_summary_report.json\\\\n\\\\tmodified:   phase4c_review_report.json\\\\n\\\\tmodified:   phase4d_detailed_security_analysis.json\\\\n\\\\tmodified:   phase4d_security_audit_report.json\\\\n\\\\tmodified:   repository_map.json\\\\n\\\\tmodified:   root.bootstrap.yaml\\\\n\\\\tmodified:   root/.root.gates.map.yaml\\\\n\\\\tmodified:   root/.root.jobs/concept-registry.json\\\\n\\\\tmodified:   root/.root.jobs/semantic-root-attestations/initial-attestation.yaml\\\\n\\\\tmodified:   root/.root.jobs/validation-rules.json\\\\n\\\\tmodified:   root/.root.semantic-root.yaml\\\\n\\\\tnew file:   root_layer_consistency_checker.py\\\\n\\\\tnew file:   root_layer_consistency_report.json\\\\n\\\\tnew file:   root_layer_standardization_report.json\\\\n\\\\tnew file:   root_layer_standardization_tool.py\\\\n\\\\tmodified:   schemas/change-request.schema.yaml\\\\n\\\\tmodified:   schemas/exception-request.schema.yaml\\\\n\\\\tmodified:   schemas/generation-request.schema.yaml\\\\n\\\\tmodified:   schemas/validation-request.schema.yaml\\\\n\\\\tmodified:   schemas/validation-response.schema.yaml\\\\n\\\\tmodified:   security_audit_final.json\\\\n\\\\tmodified:   security_audit_post_fix.json\\\\n\\\\tmodified:   security_audit_report.json\\\\n\\\\tmodified:   security_audit_week2.json\\\\n\\\\tnew file:   standardization_backup/.github/workflows/pr-quality-check.yml\\\\n\\\\tnew file:   standardization_backup/.pre-commit-config.yaml\\\\n\\\\tnew file:   standardization_backup/00-namespaces/.github/workflows/instant-validation.yml\\\\n\\\\tnew file:   standardization_backup/00-namespaces/README.md\\\\n\\\\tnew file:   standardization_backup/00-namespaces/docs/ACTION_PLAN_PRIORITY_MATRIX.md\\\\n\\\\tnew file:   standardization_backup/00-namespaces/docs/BEST_PRACTICES_IMPLEMENTATION_PLAN.md\\\\n\\\\tnew file:   standardization_backup/00-namespaces/docs/COMPREHENSIVE-INTEGRATION-STRATEGY.md\\\\n\\\\tnew file:   standardization_backup/00-namespaces/docs/DEPLOYMENT-GUIDE.md\\\\n\\\\tnew file:   standardization_backup/00-namespaces/docs/DEVELOPER-GUIDE.md\\\\n\\\\tnew file:   standardization_backup/00-namespaces/docs/DISASTER-RECOVERY-PLAN.md\\\\n\\\\tnew file:   standardization_backup/00-namespaces/docs/INSTANT-EXECUTION-MANIFEST.schema.json\\\\n\\\\tnew file:   standardization_backup/00-namespaces/docs/INSTANT-EXECUTION-MANIFEST.yaml\\\\n\\\\tnew file:   standardization_backup/00-namespaces/docs/INSTANT-IMPLEMENTATION-GUIDE.md\\\\n\\\\tnew file:   standardization_backup/00-namespaces/docs/INSTANT-MIGRATION-PLAN.md\\\\n\\\\tnew file:   standardization_backup/00-namespaces/docs/INSTANT_COMPLIANCE.md\\\\n\\\\tnew file:   standardization_backup/00-namespaces/docs/INTEGRATION_GUIDE.md\\\\n\\\\tnew file:   standardization_backup/00-namespaces/docs/OPERATIONS-MANUAL.md\\\\n\\\\tnew file:   standardization_backup/00-namespaces/docs/SECURITY-AUDIT-REPORT.md\\\\n\\\\tnew file:   standardization_backup/00-namespaces/docs/TAXONOMY_COMPLETION_REPORT.md\\\\n\\\\tnew file:   standardization_backup/00-namespaces/docs/TAXONOMY_COMPLIANCE.md\\\\n\\\\tnew file:   standardization_backup/00-namespaces/docs/TAXONOMY_MANIFESTO.md\\\\n\\\\tnew file:   standardization_backup/00-namespaces/governance_layer/auth_manager.py\\\\n\\\\tnew file:   standardization_backup/00-namespaces/governance_layer/compliance_checker.py\\\\n\\\\tnew file:   standardization_backup/00-namespaces/governance_layer/policy_engine.py\\\\n\\\\tnew file:   standardization_backup/00-namespaces/namespace_registry/cache.py\\\\n\\\\tnew file:   standardization_backup/00-namespaces/namespace_registry/registry.yaml\\\\n\\\\tnew file:   standardization_backup/00-namespaces/namespace_registry/registry_instant.py\\\\n\\\\tnew file:   standardization_backup/00-namespaces/namespace_registry/registry_manager.py\\\\n\\\\tnew file:   standardization_backup/00-namespaces/namespace_registry/schema_validator.py\\\\n\\\\tnew file:   standardization_backup/00-namespaces/namespace_registry/validator.py\\\\n\\\\tnew file:   standardization_backup/00-namespaces/namespaces-adk/DEPLOYMENT_GUIDE.md\\\\n\\\\tnew file:   standardization_backup/00-namespaces/namespaces-adk/PROJECT_SUMMARY.md\\\\n\\\\tnew file:   standardization_backup/00-namespaces/namespaces-adk/README.md\\\\n\\\\tnew file:   standardization_backup/00-namespaces/namespaces-adk/adk-architecture-blueprint.md\\\\n\\\\tnew file:   standardization_backup/00-namespaces/namespaces-adk/adk-package-config.yaml\\\\n\\\\tnew file:   standardization_backup/00-namespaces/namespaces-adk/adk/core/agent_runtime.py\\\\n\\\\tnew file:   standardization_backup/00-namespaces/namespaces-adk/adk/core/context_manager.py\\\\n\\\\tnew file:   standardization_backup/00-namespaces/namespaces-adk/adk/core/error_handling.py\\\\n\\\\tnew file:   standardization_backup/00-namespaces/namespaces-adk/adk/core/event_bus.py\\\\n\\\\tnew file:   standardization_backup/00-namespaces/namespaces-adk/adk/core/memory_manager.py\\\\n\\\\tnew file:   standardization_backup/00-namespaces/namespaces-adk/adk/core/plugin_manager.py\\\\n\\\\tnew file:   standardization_backup/00-namespaces/namespaces-adk/adk/core/sandbox.py\\\\n\\\\tnew file:   standardization_backup/00-namespaces/namespaces-adk/adk/core/workflow_orchestrator.py\\\\n\\\\tnew file:   standardization_backup/00-namespaces/namespaces-adk/adk/governance/ari_index.py\\\\n\\\\tnew file:   standardization_backup/00-namespaces/namespaces-adk/adk/governance/audit_trail.py\\\\n\\\\tnew file:   standardization_backup/00-namespaces/namespaces-adk/adk/governance/conformance_engine.py\\\\n\\\\tnew file:   standardization_backup/00-namespaces/namespaces-adk/adk/governance/containment.py\\\\n\\\\tnew file:   standardization_backup/00-namespaces/namespaces-adk/adk/governance/drift_detection.py\\\\n\\\\tnew file:   standardization_backup/00-namespaces/namespaces-adk/adk/governance/mi9_runtime.py\\\\n\\\\tnew file:   standardization_backup/00-namespaces/namespaces-adk/adk/mcp/a2a_client.py\\\\n\\\\tnew file:   standardization_backup/00-namespaces/namespaces-adk/adk/mcp/mcp_client.py\\\\n\\\\tnew file:   standardization_backup/00-namespaces/namespaces-adk/adk/mcp/mcp_security.py\\\\n\\\\tnew file:   standardization_backup/00-namespaces/namespaces-adk/adk/mcp/tool_router.py\\\\n\\\\tnew file:   standardization_backup/00-namespaces/namespaces-adk/adk/mcp/tool_schemas.py\\\\n\\\\tnew file:   standardization_backup/00-namespaces/namespaces-adk/adk/observability/event_schema.py\\\\n\\\\tnew file:   standardization_backup/00-namespaces/namespaces-adk/adk/observability/logging.py\\\\n\\\\tnew file:   standardization_backup/00-namespaces/namespaces-adk/adk/observability/metrics.py\\\\n\\\\tnew file:   standardization_backup/00-namespaces/namespaces-adk/adk/observability/tracing.py\\\\n\\\\tnew file:   standardization_backup/00-namespaces/namespaces-adk/adk/security/a2a_auth.py\\\\n\\\\tnew file:   standardization_backup/00-namespaces/namespaces-adk/adk/security/auth.py\\\\n\\\\tnew file:   standardization_backup/00-namespaces/namespaces-adk/adk/security/permissioning.py\\\\n\\\\tnew file:   standardization_backup/00-namespaces/namespaces-adk/adk/security/pii_filter.py\\\\n\\\\tnew file:   standardization_backup/00-namespaces/namespaces-adk/adk/taxonomy_integration.py\\\\n\\\\tnew file:   standardization_backup/00-namespaces/namespaces-adk/config/logging.yaml\\\\n\\\\tnew file:   standardization_backup/00-namespaces/namespaces-adk/config/policies.yaml\\\\n\\\\tnew file:   standardization_backup/00-namespaces/namespaces-adk/config/settings.yaml\\\\n\\\\tnew file:   standardization_backup/00-namespaces/namespaces-adk/governance_agents/artifact_generation_agent.py\\\\n\\\\tnew file:   standardization_backup/00-namespaces/namespaces-adk/governance_agents/cicd_repair_agent.py\\\\n\\\\tnew file:   standardization_backup/00-namespaces/namespaces-adk/governance_agents/dag_maintenance_agent.py\\\\n\\\\tnew file:   standardization_backup/00-namespaces/namespaces-adk/governance_agents/gitops_workflow_agent.py\\\\n\\\\tnew file:   standardization_backup/00-namespaces/namespaces-adk/tests/conftest.py\\\\n\\\\tnew file:   standardization_backup/00-namespaces/namespaces-adk/tests/integration/test_agent_workflows.py\\\\n\\\\tnew file:   standardization_backup/00-namespaces/namespaces-adk/tests/unit/test_dag_maintenance_agent.py\\\\n\\\\tnew file:   standardization_backup/00-namespaces/namespaces-mcp/.eslintrc.json\\\\n\\\\tnew file:   standardization_backup/00-namespaces/namespaces-mcp/.instant-manifest.yaml\\\\n\\\\tnew file:   standardization_backup/00-namespaces/namespaces-mcp/CONTRIBUTING.md\\\\n\\\\tnew file:   standardization_backup/00-namespaces/namespaces-mcp/categories.yaml\\\\n\\\\tnew file:   standardization_backup/00-namespaces/namespaces-mcp/config/conversion.yaml\\\\n\\\\tnew file:   standardization_backup/00-namespaces/namespaces-mcp/config/governance.yaml\\\\n\\\\tnew file:   standardization_backup/00-namespaces/namespaces-mcp/config/mcp-rules.yaml\\\\n\\\\tnew file:   standardization_backup/00-namespaces/namespaces-mcp/docs/KNOWLEDGE_INDEX.yaml\\\\n\\\\tnew file:   standardization_backup/00-namespaces/namespaces-mcp/docs/PERFORMANCE_TUNING.md\\\\n\\\\tnew file:   standardization_backup/00-namespaces/namespaces-mcp/docs/architecture.md\\\\n\\\\tnew file:   standardization_backup/00-namespaces/namespaces-mcp/docs/compliance/INSTANT-COMPLIANCE.md\\\\n\\\\tnew file:   standardization_backup/00-namespaces/namespaces-mcp/docs/reports/MCP-LEVEL1-IMPLEMENTATION-PLAN.md\\\\n\\\\tnew file:   standardization_backup/00-namespaces/namespaces-mcp/docs/reports/NAMESPACES-MCP-INTEGRATION-ANALYSIS.md\\\\n\\\\tnew file:   standardization_backup/00-namespaces/namespaces-mcp/docs/reports/NAMESPACES-MCP-MCP-INTEGRATION-ANALYSIS.md\\\\n\\\\tnew file:   standardization_backup/00-namespaces/namespaces-mcp/docs/reports/implementation/VERIFICATION-REPORT.md\\\\n\\\\tnew file:   standardization_backup/00-namespaces/namespaces-mcp/docs/reports/level2/MCP-LEVEL2-FILES-INVENTORY.md\\\\n\\\\tnew file:   standardization_backup/00-namespaces/namespaces-mcp/docs/usage.md\\\\n\\\\tnew file:   standardization_backup/00-namespaces/namespaces-mcp/examples/README.md\\\\n\\\\tnew file:   standardization_backup/00-namespaces/namespaces-mcp/examples/example-project/main.py\\\\n\\\\tnew file:   standardization_backup/00-namespaces/namespaces-mcp/examples/example-project/models.py\\\\n\\\\tnew file:   standardization_backup/00-namespaces/namespaces-mcp/examples/example-project/utils.py\\\\n\\\\tnew file:   standardization_backup/00-namespaces/namespaces-mcp/index.yaml\\\\n\\\\tnew file:   standardization_backup/00-namespaces/namespaces-mcp/k8s/backup-cronjob.yaml\\\\n\\\\tnew file:   standardization_backup/00-namespaces/namespaces-mcp/k8s/deployment.yaml\\\\n\\\\tnew file:   standardization_backup/00-namespaces/namespaces-mcp/k8s/monitoring.yaml\\\\n\\\\tnew file:   standardization_backup/00-namespaces/namespaces-mcp/legacy/python-scripts/advanced_converter.py\\\\n\\\\tnew file:   standardization_backup/00-namespaces/namespaces-mcp/legacy/python-scripts/converter.py\\\\n\\\\tnew file:   standardization_backup/00-namespaces/namespaces-mcp/level1/INSTANT-README.md\\\\n\\\\tnew file:   standardization_backup/00-namespaces/namespaces-mcp/level1/core/categories.yaml\\\\n\\\\tnew file:   standardization_backup/00-namespaces/namespaces-mcp/level1/core/governance.yaml\\\\n\\\\tnew file:   standardization_backup/00-namespaces/namespaces-mcp/level1/core/index.yaml\\\\n\\\\tnew file:   standardization_backup/00-namespaces/namespaces-mcp/level1/core/manifest.yaml\\\\n\\\\tnew file:   standardization_backup/00-namespaces/namespaces-mcp/level1/core/policies.yaml\\\\n\\\\tnew file:   standardization_backup/00-namespaces/namespaces-mcp/level1/core/roles.yaml\\\\n\\\\tnew file:   standardization_backup/00-namespaces/namespaces-mcp/level1/core/schema.yaml\\\\n\\\\tnew file:   standardization_backup/00-namespaces/namespaces-mcp/level1/core/spec.yaml\\\\n\\\\tnew file:   standardization_backup/00-namespaces/namespaces-mcp/level1/core/tools.yaml\\\\n\\\\tnew file:   standardization_backup/00-namespaces/namespaces-mcp/level1/examples/basic-artifact/README.md\\\\n\\\\tnew file:   standardization_backup/00-namespaces/namespaces-mcp/level1/examples/basic-artifact/manifest.yaml\\\\n\\\\tnew file:   standardization_backup/00-namespaces/namespaces-mcp/level1/examples/full-application/README.md\\\\n\\\\tnew file:   standardization_backup/00-namespaces/namespaces-mcp/level1/governance/categories.yaml\\\\n\\\\tnew file:   standardization_backup/00-namespaces/namespaces-mcp/level1/governance/index.yaml\\\\n\\\\tnew file:   standardization_backup/00-namespaces/namespaces-mcp/level1/governance/manifest.yaml\\\\n\\\\tnew file:   standardization_backup/00-namespaces/namespaces-mcp/level1/governance/policies.yaml\\\\n\\\\tnew file:   standardization_backup/00-namespaces/namespaces-mcp/level1/governance/roles.yaml\\\\n\\\\tnew file:   standardization_backup/00-namespaces/namespaces-mcp/level1/governance/schema.yaml\\\\n\\\\tnew file:   standardization_backup/00-namespaces/namespaces-mcp/level1/governance/spec.yaml\\\\n\\\\tnew file:   standardization_backup/00-namespaces/namespaces-mcp/level1/instant-system/__init__.py\\\\n\\\\tnew file:   standardization_backup/00-namespaces/namespaces-mcp/level1/instant-system/api.py\\\\n\\\\tnew file:   standardization_backup/00-namespaces/namespaces-mcp/level1/instant-system/core.py\\\\n\\\\tnew file:   standardization_backup/00-namespaces/namespaces-mcp/level1/instant-system/deployer.py\\\\n\\\\tnew file:   standardization_backup/00-namespaces/namespaces-mcp/level1/instant-system/docker-compose.yml\\\\n\\\\tnew file:   standardization_backup/00-namespaces/namespaces-mcp/level1/instant-system/engine.py\\\\n\\\\tnew file:   standardization_backup/00-namespaces/namespaces-mcp/level1/instant-system/validator.py\\\\n\\\\tnew file:   standardization_backup/00-namespaces/namespaces-mcp/level1/registries/0-naming-rules-registry.yaml\\\\n\\\\tnew file:   standardization_backup/00-namespaces/namespaces-mcp/level1/registries/1-team-identity-registry.yaml\\\\n\\\\tnew file:   standardization_backup/00-namespaces/namespaces-mcp/level1/registries/2-directory-taxonomy-registry.yaml\\\\n\\\\tnew file:   standardization_backup/00-namespaces/namespaces-mcp/level1/registries/3-artifact-entry-registry.yaml\\\\n\\\\tnew file:   standardization_backup/00-namespaces/namespaces-mcp/level1/registries/4-mapping-key-registry.yaml\\\\n\\\\tnew file:   standardization_backup/00-namespaces/namespaces-mcp/level1/registries/5-dependency-identifier-registry.yaml\\\\n\\\\tnew file:   standardization_backup/00-namespaces/namespaces-mcp/level1/registries/6-reference-tag-registry.yaml\\\\n\\\\tnew file:   standardization_backup/00-namespaces/namespaces-mcp/level1/registries/7-toolchain-identifier-registry.yaml\\\\n\\\\tnew file:   standardization_backup/00-namespaces/namespaces-mcp/level1/registries/README.md\\\\n\\\\tnew file:   standardization_backup/00-namespaces/namespaces-mcp/level1/registries/index.yaml\\\\n\\\\tnew file:   standardization_backup/00-namespaces/namespaces-mcp/level1/tools/README.md\\\\n\\\\tnew file:   standardization_backup/00-namespaces/namespaces-mcp/level1/tools/validator.py\\\\n\\\\tnew file:   standardization_backup/00-namespaces/namespaces-mcp/level1/tutorials/01-getting-started.md\\\\n\\\\tnew file:   standardization_backup/00-namespaces/namespaces-mcp/level1/tutorials/README.md\\\\n\\\\tnew file:   standardization_backup/00-namespaces/namespaces-mcp/level1/validation/README.md\\\\n\\\\tnew file:   standardization_backup/00-namespaces/namespaces-mcp/level1/validation/extended-validator.py\\\\n\\\\tnew file:   standardization_backup/00-namespaces/namespaces-mcp/level1/validation/tests/test_extended_validator.py\\\\n\\\\tnew file:   standardization_backup/00-namespaces/namespaces-mcp/level1/verification/README.md\\\\n\\\\tnew file:   standardization_backup/00-namespaces/namespaces-mcp/level1/verification/dns-txt-verifier.py\\\\n\\\\tnew file:   standardization_backup/00-namespaces/namespaces-mcp/level1/verification/github-oauth-verifier.py\\\\n\\\\tnew file:   standardization_backup/00-namespaces/namespaces-mcp/level1/verification/http-well-known-verifier.py\\\\n\\\\tnew file:   standardization_backup/00-namespaces/namespaces-mcp/level1/verification/tests/test_verification_system.py\\\\n\\\\tnew file:   standardization_backup/00-namespaces/namespaces-mcp/level1/verification/verification-system.py\\\\n\\\\tnew file:   standardization_backup/00-namespaces/namespaces-mcp/level2/.eslintrc.json\\\\n\\\\tnew file:   standardization_backup/00-namespaces/namespaces-mcp/level2/bundles/communication.bundle.yaml\\\\n\\\\tnew file:   standardization_backup/00-namespaces/namespaces-mcp/level2/bundles/configuration-governance.bundle.yaml\\\\n\\\\tnew file:   standardization_backup/00-namespaces/namespaces-mcp/level2/bundles/data-management.bundle.yaml\\\\n\\\\tnew file:   standardization_backup/00-namespaces/namespaces-mcp/level2/bundles/integration-extension.bundle.yaml\\\\n\\\\tnew file:   standardization_backup/00-namespaces/namespaces-mcp/level2/bundles/monitoring-observability.bundle.yaml\\\\n\\\\tnew file:   standardization_backup/00-namespaces/namespaces-mcp/level2/bundles/protocol.bundle.yaml\\\\n\\\\tnew file:   standardization_backup/00-namespaces/namespaces-mcp/level2/endpoints/endpoints.yaml\\\\n\\\\tnew file:   standardization_backup/00-namespaces/namespaces-mcp/level2/flows/data-pipeline.flow.yaml\\\\n\\\\tnew file:   standardization_backup/00-namespaces/namespaces-mcp/level2/flows/governance-workflow.flow.yaml\\\\n\\\\tnew file:   standardization_backup/00-namespaces/namespaces-mcp/level2/flows/integration-workflow.flow.yaml\\\\n\\\\tnew file:   standardization_backup/00-namespaces/namespaces-mcp/level2/flows/monitoring-pipeline.flow.yaml\\\\n\\\\tnew file:   standardization_backup/00-namespaces/namespaces-mcp/level2/flows/rag-pipeline.flow.yaml\\\\n\\\\tnew file:   standardization_backup/00-namespaces/namespaces-mcp/level2/graphs/communication.graph.yaml\\\\n\\\\tnew file:   standardization_backup/00-namespaces/namespaces-mcp/level2/graphs/configuration-governance.graph.yaml\\\\n\\\\tnew file:   standardization_backup/00-namespaces/namespaces-mcp/level2/graphs/data-management.graph.yaml\\\\n\\\\tnew file:   standardization_backup/00-namespaces/namespaces-mcp/level2/graphs/integration-extension.graph.yaml\\\\n\\\\tnew file:   standardization_backup/00-namespaces/namespaces-mcp/level2/graphs/monitoring-observability.graph.yaml\\\\n\\\\tnew file:   standardization_backup/00-namespaces/namespaces-mcp/level2/graphs/protocol.graph.yaml\\\\n\\\\tnew file:   standardization_backup/00-namespaces/namespaces-mcp/level2/manifests/communication.manifest.yaml\\\\n\\\\tnew file:   standardization_backup/00-namespaces/namespaces-mcp/level2/manifests/configuration-governance.manifest.yaml\\\\n\\\\tnew file:   standardization_backup/00-namespaces/namespaces-mcp/level2/manifests/data-management.manifest.yaml\\\\n\\\\tnew file:   standardization_backup/00-namespaces/namespaces-mcp/level2/manifests/integration-extension.manifest.yaml\\\\n\\\\tnew file:   standardization_backup/00-namespaces/namespaces-mcp/level2/manifests/monitoring-observability.manifest.yaml\\\\n\\\\tnew file:   standardization_backup/00-namespaces/namespaces-mcp/level2/manifests/protocol.manifest.yaml\\\\n\\\\tnew file:   standardization_backup/00-namespaces/namespaces-mcp/level2/package.json\\\\n\\\\tnew file:   standardization_backup/00-namespaces/namespaces-mcp/level2/policies/communication.policy.yaml\\\\n\\\\tnew file:   standardization_backup/00-namespaces/namespaces-mcp/level2/policies/configuration-governance.policy.yaml\\\\n\\\\tnew file:   standardization_backup/00-namespaces/namespaces-mcp/level2/policies/data-management.policy.yaml\\\\n\\\\tnew file:   standardization_backup/00-namespaces/namespaces-mcp/level2/policies/integration-extension.policy.yaml\\\\n\\\\tnew file:   standardization_backup/00-namespaces/namespaces-mcp/level2/policies/monitoring-observability.policy.yaml\\\\n\\\\tnew file:   standardization_backup/00-namespaces/namespaces-mcp/level2/policies/protocol.policy.yaml\\\\n\\\\tnew file:   standardization_backup/00-namespaces/namespaces-mcp/level2/registries/artifact-entry-registry.yaml\\\\n\\\\tnew file:   standardization_backup/00-namespaces/namespaces-mcp/level2/registries/dependency-registry.yaml\\\\n\\\\tnew file:   standardization_backup/00-namespaces/namespaces-mcp/level2/registries/directory-taxonomy-registry.yaml\\\\n\\\\tnew file:   standardization_backup/00-namespaces/namespaces-mcp/level2/registries/mapping-key-registry.yaml\\\\n\\\\tnew file:   standardization_backup/00-namespaces/namespaces-mcp/level2/registries/naming-registry.yaml\\\\n\\\\tnew file:   standardization_backup/00-namespaces/namespaces-mcp/level2/registries/reference-registry.yaml\\\\n\\\\tnew file:   standardization_backup/00-namespaces/namespaces-mcp/level2/registries/team-identity-registry.yaml\\\\n\\\\tnew file:   standardization_backup/00-namespaces/namespaces-mcp/level2/registries/toolchain-registry.yaml\\\\n\\\\tnew file:   standardization_backup/00-namespaces/namespaces-mcp/level2/schemas/communication.schema.yaml\\\\n\\\\tnew file:   standardization_backup/00-namespaces/namespaces-mcp/level2/schemas/configuration-governance.schema.yaml\\\\n\\\\tnew file:   standardization_backup/00-namespaces/namespaces-mcp/level2/schemas/data-management.schema.yaml\\\\n\\\\tnew file:   standardization_backup/00-namespaces/namespaces-mcp/level2/schemas/integration-extension.schema.yaml\\\\n\\\\tnew file:   standardization_backup/00-namespaces/namespaces-mcp/level2/schemas/monitoring-observability.schema.yaml\\\\n\\\\tnew file:   standardization_backup/00-namespaces/namespaces-mcp/level2/schemas/protocol.schema.yaml\\\\n\\\\tnew file:   standardization_backup/00-namespaces/namespaces-mcp/level2/specs/communication.spec.yaml\\\\n\\\\tnew file:   standardization_backup/00-namespaces/namespaces-mcp/level2/specs/configuration-governance.spec.yaml\\\\n\\\\tnew file:   standardization_backup/00-namespaces/namespaces-mcp/level2/specs/data-management.spec.yaml\\\\n\\\\tnew file:   standardization_backup/00-namespaces/namespaces-mcp/level2/specs/integration-extension.spec.yaml\\\\n\\\\tnew file:   standardization_backup/00-namespaces/namespaces-mcp/level2/specs/monitoring-observability.spec.yaml\\\\n\\\\tnew file:   standardization_backup/00-namespaces/namespaces-mcp/level2/specs/protocol.spec.yaml\\\\n\\\\tnew file:   standardization_backup/00-namespaces/namespaces-mcp/level2/tsconfig.json\\\\n\\\\tnew file:   standardization_backup/00-namespaces/namespaces-mcp/level3/.github/workflows/ci-cd.yml\\\\n\\\\tnew file:   standardization_backup/00-namespaces/namespaces-mcp/level3/README.md\\\\n\\\\tnew file:   standardization_backup/00-namespaces/namespaces-mcp/level3/config/engine_map.yaml\\\\n\\\\tnew file:   standardization_backup/00-namespaces/namespaces-mcp/level3/docs/DEPLOYMENT-GUIDE.md\\\\n\\\\tnew file:   standardization_backup/00-namespaces/namespaces-mcp/level3/docs/MCP-LEVEL3-COMPLETE-SPECIFICATION.md\\\\n\\\\tnew file:   standardization_backup/00-namespaces/namespaces-mcp/level3/docs/PERFORMANCE-OPTIMIZATION-GUIDE.md\\\\n\\\\tnew file:   standardization_backup/00-namespaces/namespaces-mcp/level3/docs/deployment-guide.md\\\\n\\\\tnew file:   standardization_backup/00-namespaces/namespaces-mcp/level3/docs/reports/PHASE3-PROGRESS-REPORT.md\\\\n\\\\tnew file:   standardization_backup/00-namespaces/namespaces-mcp/level3/docs/user-guide.md\\\\n\\\\tnew file:   standardization_backup/00-namespaces/namespaces-mcp/level3/endpoints/api-routes.yaml\\\\n\\\\tnew file:   standardization_backup/00-namespaces/namespaces-mcp/level3/engines/dag/artifacts/dag-definition.schema.yaml\\\\n\\\\tnew file:   standardization_backup/00-namespaces/namespaces-mcp/level3/engines/dag/artifacts/dependency-matrix.schema.yaml\\\\n\\\\tnew file:   standardization_backup/00-namespaces/namespaces-mcp/level3/engines/dag/artifacts/lineage-graph.schema.yaml\\\\n\\\\tnew file:   standardization_backup/00-namespaces/namespaces-mcp/level3/engines/dag/dag-engine.bundle.yaml\\\\n\\\\tnew file:   standardization_backup/00-namespaces/namespaces-mcp/level3/engines/dag/dag-engine.flow.yaml\\\\n\\\\tnew file:   standardization_backup/00-namespaces/namespaces-mcp/level3/engines/dag/dag-engine.graph.yaml\\\\n\\\\tnew file:   standardization_backup/00-namespaces/namespaces-mcp/level3/engines/dag/dag-engine.manifest.yaml\\\\n\\\\tnew file:   standardization_backup/00-namespaces/namespaces-mcp/level3/engines/dag/dag-engine.policy.yaml\\\\n\\\\tnew file:   standardization_backup/00-namespaces/namespaces-mcp/level3/engines/dag/dag-engine.spec.yaml\\\\n\\\\tnew file:   standardization_backup/00-namespaces/namespaces-mcp/level3/engines/execution/artifacts/execution-log.schema.yaml\\\\n\\\\tnew file:   standardization_backup/00-namespaces/namespaces-mcp/level3/engines/execution/artifacts/execution-plan.schema.yaml\\\\n\\\\tnew file:   standardization_backup/00-namespaces/namespaces-mcp/level3/engines/execution/artifacts/rollback-manifest.schema.yaml\\\\n\\\\tnew file:   standardization_backup/00-namespaces/namespaces-mcp/level3/engines/execution/artifacts/transaction-record.schema.yaml\\\\n\\\\tnew file:   standardization_backup/00-namespaces/namespaces-mcp/level3/engines/execution/execution-engine.bundle.yaml\\\\n\\\\tnew file:   standardization_backup/00-namespaces/namespaces-mcp/level3/engines/execution/execution-engine.flow.yaml\\\\n\\\\tnew file:   standardization_backup/00-namespaces/namespaces-mcp/level3/engines/execution/execution-engine.graph.yaml\\\\n\\\\tnew file:   standardization_backup/00-namespaces/namespaces-mcp/level3/engines/execution/execution-engine.manifest.yaml\\\\n\\\\tnew file:   standardization_backup/00-namespaces/namespaces-mcp/level3/engines/execution/execution-engine.policy.yaml\\\\n\\\\tnew file:   standardization_backup/00-namespaces/namespaces-mcp/level3/engines/execution/execution-engine.spec.yaml\\\\n\\\\tnew file:   standardization_backup/00-namespaces/namespaces-mcp/level3/engines/governance/artifacts/access-token.schema.yaml\\\\n\\\\tnew file:   standardization_backup/00-namespaces/namespaces-mcp/level3/engines/governance/artifacts/audit-log.schema.yaml\\\\n\\\\tnew file:   standardization_backup/00-namespaces/namespaces-mcp/level3/engines/governance/artifacts/compliance-report.schema.yaml\\\\n\\\\tnew file:   standardization_backup/00-namespaces/namespaces-mcp/level3/engines/governance/artifacts/policy-definition.schema.yaml\\\\n\\\\tnew file:   standardization_backup/00-namespaces/namespaces-mcp/level3/engines/governance/governance-engine.bundle.yaml\\\\n\\\\tnew file:   standardization_backup/00-namespaces/namespaces-mcp/level3/engines/governance/governance-engine.flow.yaml\\\\n\\\\tnew file:   standardization_backup/00-namespaces/namespaces-mcp/level3/engines/governance/governance-engine.graph.yaml\\\\n\\\\tnew file:   standardization_backup/00-namespaces/namespaces-mcp/level3/engines/governance/governance-engine.manifest.yaml\\\\n\\\\tnew file:   standardization_backup/00-namespaces/namespaces-mcp/level3/engines/governance/governance-engine.policy.yaml\\\\n\\\\tnew file:   standardization_backup/00-namespaces/namespaces-mcp/level3/engines/governance/governance-engine.spec.yaml\\\\n\\\\tnew file:   standardization_backup/00-namespaces/namespaces-mcp/level3/engines/promotion/artifacts/approval-record.schema.yaml\\\\n\\\\tnew file:   standardization_backup/00-namespaces/namespaces-mcp/level3/engines/promotion/artifacts/deployment-manifest.schema.yaml\\\\n\\\\tnew file:   standardization_backup/00-namespaces/namespaces-mcp/level3/engines/promotion/artifacts/promoted-artifact.schema.yaml\\\\n\\\\tnew file:   standardization_backup/00-namespaces/namespaces-mcp/level3/engines/promotion/artifacts/promotion-plan.schema.yaml\\\\n\\\\tnew file:   standardization_backup/00-namespaces/namespaces-mcp/level3/engines/promotion/promotion-engine.bundle.yaml\\\\n\\\\tnew file:   standardization_backup/00-namespaces/namespaces-mcp/level3/engines/promotion/promotion-engine.flow.yaml\\\\n\\\\tnew file:   standardization_backup/00-namespaces/namespaces-mcp/level3/engines/promotion/promotion-engine.graph.yaml\\\\n\\\\tnew file:   standardization_backup/00-namespaces/namespaces-mcp/level3/engines/promotion/promotion-engine.manifest.yaml\\\\n\\\\tnew file:   standardization_backup/00-namespaces/namespaces-mcp/level3/engines/promotion/promotion-engine.policy.yaml\\\\n\\\\tnew file:   standardization_backup/00-namespaces/namespaces-mcp/level3/engines/promotion/promotion-engine.spec.yaml\\\\n\\\\tnew file:   standardization_backup/00-namespaces/namespaces-mcp/level3/engines/rag/artifacts/generated-answer.schema.yaml\\\\n\\\\tnew file:   standardization_backup/00-namespaces/namespaces-mcp/level3/engines/rag/artifacts/hybrid-context.schema.yaml\\\\n\\\\tnew file:   standardization_backup/00-namespaces/namespaces-mcp/level3/engines/rag/artifacts/knowledge-triplet.schema.yaml\\\\n\\\\tnew file:   standardization_backup/00-namespaces/namespaces-mcp/level3/engines/rag/artifacts/vector-chunk.schema.yaml\\\\n\\\\tnew file:   standardization_backup/00-namespaces/namespaces-mcp/level3/engines/rag/rag-engine.bundle.yaml\\\\n\\\\tnew file:   standardization_backup/00-namespaces/namespaces-mcp/level3/engines/rag/rag-engine.flow.yaml\\\\n\\\\tnew file:   standardization_backup/00-namespaces/namespaces-mcp/level3/engines/rag/rag-engine.graph.yaml\\\\n\\\\tnew file:   standardization_backup/00-namespaces/namespaces-mcp/level3/engines/rag/rag-engine.manifest.yaml\\\\n\\\\tnew file:   standardization_backup/00-namespaces/namespaces-mcp/level3/engines/rag/rag-engine.policy.yaml\\\\n\\\\tnew file:   standardization_backup/00-namespaces/namespaces-mcp/level3/engines/rag/rag-engine.spec.yaml\\\\n\\\\tnew file:   standardization_backup/00-namespaces/namespaces-mcp/level3/engines/registry/artifact-registry.bundle.yaml\\\\n\\\\tnew file:   standardization_backup/00-namespaces/namespaces-mcp/level3/engines/registry/artifact-registry.flow.yaml\\\\n\\\\tnew file:   standardization_backup/00-namespaces/namespaces-mcp/level3/engines/registry/artifact-registry.graph.yaml\\\\n\\\\tnew file:   standardization_backup/00-namespaces/namespaces-mcp/level3/engines/registry/artifact-registry.policy.yaml\\\\n\\\\tnew file:   standardization_backup/00-namespaces/namespaces-mcp/level3/engines/registry/artifact-registry.spec.yaml\\\\n\\\\tnew file:   standardization_backup/00-namespaces/namespaces-mcp/level3/engines/registry/artifacts/artifact-instance.schema.yaml\\\\n\\\\tnew file:   standardization_backup/00-namespaces/namespaces-mcp/level3/engines/registry/artifacts/metadata.schema.yaml\\\\n\\\\tnew file:   standardization_backup/00-namespaces/namespaces-mcp/level3/engines/registry/registry-engine.manifest.yaml\\\\n\\\\tnew file:   standardization_backup/00-namespaces/namespaces-mcp/level3/engines/taxonomy/artifacts/entity.schema.yaml\\\\n\\\\tnew file:   standardization_backup/00-namespaces/namespaces-mcp/level3/engines/taxonomy/artifacts/ontology-graph.schema.yaml\\\\n\\\\tnew file:   standardization_backup/00-namespaces/namespaces-mcp/level3/engines/taxonomy/artifacts/relationship.schema.yaml\\\\n\\\\tnew file:   standardization_backup/00-namespaces/namespaces-mcp/level3/engines/taxonomy/artifacts/taxonomy-definition.schema.yaml\\\\n\\\\tnew file:   standardization_backup/00-namespaces/namespaces-mcp/level3/engines/taxonomy/artifacts/triplet.schema.yaml\\\\n\\\\tnew file:   standardization_backup/00-namespaces/namespaces-mcp/level3/engines/taxonomy/taxonomy-engine.bundle.yaml\\\\n\\\\tnew file:   standardization_backup/00-namespaces/namespaces-mcp/level3/engines/taxonomy/taxonomy-engine.flow.yaml\\\\n\\\\tnew file:   standardization_backup/00-namespaces/namespaces-mcp/level3/engines/taxonomy/taxonomy-engine.graph.yaml\\\\n\\\\tnew file:   standardization_backup/00-namespaces/namespaces-mcp/level3/engines/taxonomy/taxonomy-engine.manifest.yaml\\\\n\\\\tnew file:   standardization_backup/00-namespaces/namespaces-mcp/level3/engines/taxonomy/taxonomy-engine.policy.yaml\\\\n\\\\tnew file:   standardization_backup/00-namespaces/namespaces-mcp/level3/engines/taxonomy/taxonomy-engine.spec.yaml\\\\n\\\\tnew file:   standardization_backup/00-namespaces/namespaces-mcp/level3/engines/validation/artifacts/evaluation-report.schema.yaml\\\\n\\\\tnew file:   standardization_backup/00-namespaces/namespaces-mcp/level3/engines/validation/artifacts/metric-score.schema.yaml\\\\n\\\\tnew file:   standardization_backup/00-namespaces/namespaces-mcp/level3/engines/validation/artifacts/schema-definition.schema.yaml\\\\n\\\\tnew file:   standardization_backup/00-namespaces/namespaces-mcp/level3/engines/validation/artifacts/test-case.schema.yaml\\\\n\\\\tnew file:   standardization_backup/00-namespaces/namespaces-mcp/level3/engines/validation/artifacts/validation-report.schema.yaml\\\\n\\\\tnew file:   standardization_backup/00-namespaces/namespaces-mcp/level3/engines/validation/validation-engine.bundle.yaml\\\\n\\\\tnew file:   standardization_backup/00-namespaces/namespaces-mcp/level3/engines/validation/validation-engine.flow.yaml\\\\n\\\\tnew file:   standardization_backup/00-namespaces/namespaces-mcp/level3/engines/validation/validation-engine.graph.yaml\\\\n\\\\tnew file:   standardization_backup/00-namespaces/namespaces-mcp/level3/engines/validation/validation-engine.manifest.yaml\\\\n\\\\tnew file:   standardization_backup/00-namespaces/namespaces-mcp/level3/engines/validation/validation-engine.policy.yaml\\\\n\\\\tnew file:   standardization_backup/00-namespaces/namespaces-mcp/level3/engines/validation/validation-engine.spec.yaml\\\\n\\\\tnew file:   standardization_backup/00-namespaces/namespaces-mcp/level3/tests/chaos/test_chaos_engineering.py\\\\n\\\\tnew file:   standardization_backup/00-namespaces/namespaces-mcp/level3/tests/integration/test_cross_engine_communication.py\\\\n\\\\tnew file:   standardization_backup/00-namespaces/namespaces-mcp/level3/tests/load/test_load_testing.py\\\\n\\\\tnew file:   standardization_backup/00-namespaces/namespaces-mcp/level3/tests/performance/test_benchmarks.py\\\\n\\\\tnew file:   standardization_backup/00-namespaces/namespaces-mcp/level3/visualizations/grafana-dashboard.json\\\\n\\\\tnew file:   standardization_backup/00-namespaces/namespaces-mcp/level4/.eslintrc.json\\\\n\\\\tnew file:   standardization_backup/00-namespaces/namespaces-mcp/level4/.github/workflows/ci-cd.yml\\\\n\\\\tnew file:   standardization_backup/00-namespaces/namespaces-mcp/level4/config/level4-capabilities.yaml\\\\n\\\\tnew file:   standardization_backup/00-namespaces/namespaces-mcp/level4/openapi.yaml\\\\n\\\\tnew file:   standardization_backup/00-namespaces/namespaces-mcp/level4/package.json\\\\n\\\\tnew file:   standardization_backup/00-namespaces/namespaces-mcp/level4/tsconfig.json\\\\n\\\\tnew file:   standardization_backup/00-namespaces/namespaces-mcp/manifest.yaml\\\\n\\\\tnew file:   standardization_backup/00-namespaces/namespaces-mcp/namespace-index.yaml\\\\n\\\\tnew file:   standardization_backup/00-namespaces/namespaces-mcp/openapi.yaml\\\\n\\\\tnew file:   standardization_backup/00-namespaces/namespaces-mcp/package.json\\\\n\\\\tnew file:   standardization_backup/00-namespaces/namespaces-mcp/policies.yaml\\\\n\\\\tnew file:   standardization_backup/00-namespaces/namespaces-mcp/reports/module-integration-report.yaml\\\\n\\\\tnew file:   standardization_backup/00-namespaces/namespaces-mcp/roles.yaml\\\\n\\\\tnew file:   standardization_backup/00-namespaces/namespaces-mcp/schema.yaml\\\\n\\\\tnew file:   standardization_backup/00-namespaces/namespaces-mcp/scripts/advanced-convert.sh\\\\n\\\\tnew file:   standardization_backup/00-namespaces/namespaces-mcp/scripts/convert.sh\\\\n\\\\tnew file:   standardization_backup/00-namespaces/namespaces-mcp/scripts/generate_all_artifacts.py\\\\n\\\\tnew file:   standardization_backup/00-namespaces/namespaces-mcp/scripts/generate_artifacts.py\\\\n\\\\tnew file:   standardization_backup/00-namespaces/namespaces-mcp/scripts/test.sh\\\\n\\\\tnew file:   standardization_backup/00-namespaces/namespaces-mcp/spec.yaml\\\\n\\\\tnew file:   standardization_backup/00-namespaces/namespaces-mcp/tests/test_converter.py\\\\n\\\\tnew file:   standardization_backup/00-namespaces/namespaces-mcp/tsconfig.json\\\\n\\\\tnew file:   standardization_backup/00-namespaces/namespaces-sdk/.github/workflows/instant-system.yml\\\\n\\\\tnew file:   standardization_backup/00-namespaces/namespaces-sdk/.github/workflows/sdk-ci.yml\\\\n\\\\tnew file:   standardization_backup/00-namespaces/namespaces-sdk/README.md\\\\n\\\\tnew file:   standardization_backup/00-namespaces/namespaces-sdk/RFC_TEMPLATE.md\\\\n\\\\tnew file:   standardization_backup/00-namespaces/namespaces-sdk/helm/namespace-sdk/Chart.yaml\\\\n\\\\tnew file:   standardization_backup/00-namespaces/namespaces-sdk/k8s/crds/namespace-sdk.yaml\\\\n\\\\tnew file:   standardization_backup/00-namespaces/namespaces-sdk/monitoring/grafana-dashboard.json\\\\n\\\\tnew file:   standardization_backup/00-namespaces/namespaces-sdk/monitoring/prometheus-rules.yml\\\\n\\\\tnew file:   standardization_backup/00-namespaces/namespaces-sdk/package.json\\\\n\\\\tnew file:   standardization_backup/00-namespaces/namespaces-sdk/security/audit/rules.yaml\\\\n\\\\tnew file:   standardization_backup/00-namespaces/namespaces-sdk/security/compliance-checklist.md\\\\n\\\\tnew file:   standardization_backup/00-namespaces/namespaces-sdk/security/policies/compliance.yaml\\\\n\\\\tnew file:   standardization_backup/00-namespaces/namespaces-sdk/src/adapters/github/schemas/create-issue.json\\\\n\\\\tnew file:   standardization_backup/00-namespaces/namespaces-sdk/src/config/instant-execution-config.yaml\\\\n\\\\tnew file:   standardization_backup/00-namespaces/namespaces-sdk/templates/namespace-template.yaml\\\\n\\\\tnew file:   standardization_backup/00-namespaces/namespaces-sdk/tsconfig.json\\\\n\\\\tnew file:   standardization_backup/00-namespaces/schema_system/compatibility_checker.py\\\\n\\\\tnew file:   standardization_backup/00-namespaces/schema_system/schema_registry.py\\\\n\\\\tnew file:   standardization_backup/00-namespaces/schema_system/schema_versioning.py\\\\n\\\\tnew file:   standardization_backup/00-namespaces/scripts/generate-instant-dag.py\\\\n\\\\tnew file:   standardization_backup/00-namespaces/scripts/validate-instant-manifest.py\\\\n\\\\tnew file:   standardization_backup/00-namespaces/security_layer/encryption_manager.py\\\\n\\\\tnew file:   standardization_backup/00-namespaces/security_layer/key_management.py\\\\n\\\\tnew file:   standardization_backup/00-namespaces/taxonomy-core/package.json\\\\n\\\\tnew file:   standardization_backup/00-namespaces/taxonomy-core/tsconfig.json\\\\n\\\\tnew file:   standardization_backup/00-namespaces/tests/test_registry_instant.py\\\\n\\\\tnew file:   standardization_backup/00-namespaces/tests/test_schema_system.py\\\\n\\\\tnew file:   standardization_backup/AUTOMATED_REPOSITORY_UNDERSTANDING_SYSTEM.md\\\\n\\\\tnew file:   standardization_backup/AUTOMATION-COMPLETE-REPORT.md\\\\n\\\\tnew file:   standardization_backup/AUTOMATION-README.md\\\\n\\\\tnew file:   standardization_backup/CI-FIX-REPORT.md\\\\n\\\\tnew file:   standardization_backup/CI_ANALYSIS_COMPLETE_SUMMARY.md\\\\n\\\\tnew file:   standardization_backup/CI_IMPLEMENTATION_GUIDE.md\\\\n\\\\tnew file:   standardization_backup/CI_IMPROVEMENT_ANALYSIS.md\\\\n\\\\tnew file:   standardization_backup/CODE_QUALITY_AUTOMATION.md\\\\n\\\\tnew file:   standardization_backup/CODE_QUALITY_FINAL_REPORT.md\\\\n\\\\tnew file:   standardization_backup/CODE_QUALITY_GOVERNANCE_PLAN.md\\\\n\\\\tnew file:   standardization_backup/CODE_QUALITY_REMAINING_ISSUES_REPORT.md\\\\n\\\\tnew file:   standardization_backup/CODE_QUALITY_REMEDIATION_REPORT.md\\\\n\\\\tnew file:   standardization_backup/DELIVERY-SUMMARY.md\\\\n\\\\tnew file:   standardization_backup/DOCUMENTATION_INDEX.md\\\\n\\\\tnew file:   standardization_backup/DUPLICATE_PATHS_INTEGRATION_PLAN.md\\\\n\\\\tnew file:   standardization_backup/EVENT_DRIVEN_SYSTEM_STATUS.md\\\\n\\\\tnew file:   standardization_backup/FILE_MOVING_AND_TASKS_ANALYSIS.md\\\\n\\\\tnew file:   standardization_backup/FINAL-SUMMARY.md\\\\n\\\\tnew file:   standardization_backup/FINAL_CI_ANALYSIS_REPORT.md\\\\n\\\\tnew file:   standardization_backup/FINAL_SYSTEM_DOCUMENTATION.md\\\\n\\\\tnew file:   standardization_backup/INSTANT-EXECUTION-REFACTOR-PLAN.md\\\\n\\\\tnew file:   standardization_backup/MACHINE_NATIVE_GOVERNANCE_COMPLETE.md\\\\n\\\\tnew file:   standardization_backup/MCP-COMPLETE-STRUCTURE-VISUALIZATION.md\\\\n\\\\tnew file:   standardization_backup/NAMING_GOVERNANCE_INTEGRATION_ANALYSIS.md\\\\n\\\\tnew file:   standardization_backup/PHASE1_IMPLEMENTATION_SUMMARY.md\\\\n\\\\tnew file:   standardization_backup/PHASE2_EVAL_REMEDIATION_COMPLETE.md\\\\n\\\\tnew file:   standardization_backup/PHASE2_SECURITY_REMEDIATION_PLAN.md\\\\n\\\\tnew file:   standardization_backup/PHASE4D_COMPLETION_REPORT.md\\\\n\\\\tnew file:   standardization_backup/PR-1-ACTION-PLAN.md\\\\n\\\\tnew file:   standardization_backup/PR-1-CODE-EXAMPLES.md\\\\n\\\\tnew file:   standardization_backup/PR-1-REVIEW-REPORT.md\\\\n\\\\tnew file:   standardization_backup/PR-1-REVIEW-SUMMARY.md\\\\n\\\\tnew file:   standardization_backup/QUICKSTART.md\\\\n\\\\tnew file:   standardization_backup/QUICK_REFERENCE.md\\\\n\\\\tnew file:   standardization_backup/README-MACHINE.md\\\\n\\\\tnew file:   standardization_backup/README.md\\\\n\\\\tnew file:   standardization_backup/REPOSITORY_UNDERSTANDING_INTEGRATION.md\\\\n\\\\tnew file:   standardization_backup/SPRINT13_COMPLETION_REPORT.md\\\\n\\\\tnew file:   standardization_backup/TECH_DEBT_PR_REPORT.json\\\\n\\\\tnew file:   standardization_backup/add_eval_security_warnings.py\\\\n\\\\tnew file:   standardization_backup/analyze_branches.py\\\\n\\\\tnew file:   standardization_backup/analyze_duplicate_paths.py\\\\n\\\\tnew file:   standardization_backup/auto-quality-report.json\\\\n\\\\tnew file:   standardization_backup/auto_maintenance_wrapper.py\\\\n\\\\tnew file:   standardization_backup/automated_maintenance_system.py\\\\n\\\\tnew file:   standardization_backup/cleanup_backup/repository-understanding-system/EVENT_DRIVEN_SYSTEM_STATUS.md\\\\n\\\\tnew file:   standardization_backup/cleanup_backup/repository-understanding-system/FINAL_SYSTEM_DOCUMENTATION.md\\\\n\\\\tnew file:   standardization_backup/cleanup_backup/repository-understanding-system/README.md\\\\n\\\\tnew file:   standardization_backup/cleanup_backup/repository-understanding-system/event_driven_system.py\\\\n\\\\tnew file:   standardization_backup/cleanup_backup/repository-understanding-system/fix_event_comparison.py\\\\n\\\\tnew file:   standardization_backup/cleanup_backup/repository-understanding-system/logs_event_driven.sh\\\\n\\\\tnew file:   standardization_backup/cleanup_backup/repository-understanding-system/phase1_scanner.py\\\\n\\\\tnew file:   standardization_backup/cleanup_backup/repository-understanding-system/phase2_operation_checker.py\\\\n\\\\tnew file:   standardization_backup/cleanup_backup/repository-understanding-system/phase3_visualizer.py\\\\n\\\\tnew file:   standardization_backup/cleanup_backup/repository-understanding-system/phase4_learning_system.py\\\\n\\\\tnew file:   standardization_backup/cleanup_backup/repository-understanding-system/restart_event_driven.sh\\\\n\\\\tnew file:   standardization_backup/cleanup_backup/repository-understanding-system/start_event_driven.sh\\\\n\\\\tnew file:   standardization_backup/cleanup_backup/repository-understanding-system/status_event_driven.sh\\\\n\\\\tnew file:   standardization_backup/cleanup_backup/repository-understanding-system/stop_event_driven.sh\\\\n\\\\tnew file:   standardization_backup/code_quality_analyzer.py\\\\n\\\\tnew file:   standardization_backup/code_quality_issues.json\\\\n\\\\tnew file:   standardization_backup/contracts/INSTANT-EXECUTION-MANIFEST.yaml\\\\n\\\\tnew file:   standardization_backup/controlplane/README.md\\\\n\\\\tnew file:   standardization_backup/controlplane/config/root.config.yaml\\\\n\\\\tnew file:   standardization_backup/controlplane/config/root.governance.yaml\\\\n\\\\tnew file:   standardization_backup/controlplane/config/root.integrity.yaml\\\\n\\\\tnew file:   standardization_backup/controlplane/config/root.modules.yaml\\\\n\\\\tnew file:   standardization_backup/controlplane/config/root.naming-policy.yaml\\\\n\\\\tnew file:   standardization_backup/controlplane/config/root.provenance.yaml\\\\n\\\\tnew file:   standardization_backup/controlplane/config/root.super-execution.yaml\\\\n\\\\tnew file:   standardization_backup/controlplane/config/root.trust.yaml\\\\n\\\\tnew file:   standardization_backup/controlplane/registries/root.registry.modules.yaml\\\\n\\\\tnew file:   standardization_backup/controlplane/registries/root.registry.urns.yaml\\\\n\\\\tnew file:   standardization_backup/controlplane/specifications/root.specs.context.yaml\\\\n\\\\tnew file:   standardization_backup/controlplane/specifications/root.specs.logic.yaml\\\\n\\\\tnew file:   standardization_backup/controlplane/specifications/root.specs.mapping.yaml\\\\n\\\\tnew file:   standardization_backup/controlplane/specifications/root.specs.naming.yaml\\\\n\\\\tnew file:   standardization_backup/controlplane/specifications/root.specs.references.yaml\\\\n\\\\tnew file:   standardization_backup/controlplane/validation/root.validator.schema.yaml\\\\n\\\\tnew file:   standardization_backup/controlplane/validation/supply-chain-complete-verifier.py\\\\n\\\\tnew file:   standardization_backup/controlplane/validation/verify_refactoring.py\\\\n\\\\tnew file:   standardization_backup/design/FileX-standard-template-v1.yaml\\\\n\\\\tnew file:   standardization_backup/design/semantic-closure-rules.md\\\\n\\\\tnew file:   standardization_backup/docs/DEVELOPER_GUIDELINES.md\\\\n\\\\tnew file:   standardization_backup/docs/migration/axiom-namespace-migration-operation-guide.md\\\\n\\\\tnew file:   standardization_backup/docs/migration/axiom-namespace-migration-plan.md\\\\n\\\\tnew file:   standardization_backup/docs/repository-understanding/AUTOMATED_REPOSITORY_UNDERSTANDING_SYSTEM.md\\\\n\\\\tnew file:   standardization_backup/docs/repository-understanding/DUPLICATE_PATHS_INTEGRATION_PLAN.md\\\\n\\\\tnew file:   standardization_backup/docs/repository-understanding/EVENT_DRIVEN_SYSTEM_STATUS.md\\\\n\\\\tnew file:   standardization_backup/docs/repository-understanding/FINAL_SYSTEM_DOCUMENTATION.md\\\\n\\\\tnew file:   standardization_backup/docs/repository-understanding/phase3_report.md\\\\n\\\\tnew file:   standardization_backup/docs/repository-understanding/solution_proposal.md\\\\n\\\\tnew file:   standardization_backup/documentation-manifest.yaml\\\\n\\\\tnew file:   standardization_backup/duplicate_paths_analysis.json\\\\n\\\\tnew file:   standardization_backup/enhanced-pr-quality-check.yml\\\\n\\\\tnew file:   standardization_backup/etc/logging-config.yaml\\\\n\\\\tnew file:   standardization_backup/etc/machinenativeops/fhs-structure-config.yaml\\\\n\\\\tnew file:   standardization_backup/eval_usage_analysis.json\\\\n\\\\tnew file:   standardization_backup/event_driven_system.py\\\\n\\\\tnew file:   standardization_backup/fix_bare_except_clauses.py\\\\n\\\\tnew file:   standardization_backup/fix_code_quality.py\\\\n\\\\tnew file:   standardization_backup/fix_critical_hardcoded_urls.py\\\\n\\\\tnew file:   standardization_backup/fix_critical_secrets.py\\\\n\\\\tnew file:   standardization_backup/fix_eval_comprehensive.py\\\\n\\\\tnew file:   standardization_backup/fix_eval_usage.py\\\\n\\\\tnew file:   standardization_backup/fix_event_comparison.py\\\\n\\\\tnew file:   standardization_backup/fix_final_issues.py\\\\n\\\\tnew file:   standardization_backup/fix_phase4a_safe_issues.py\\\\n\\\\tnew file:   standardization_backup/fix_real_hardcoded_values.py\\\\n\\\\tnew file:   standardization_backup/fix_remaining_high_issues.py\\\\n\\\\tnew file:   standardization_backup/fix_remaining_issues.py\\\\n\\\\tnew file:   standardization_backup/governance-manifest.yaml\\\\n\\\\tnew file:   standardization_backup/init.d/00-init.sh\\\\n\\\\tnew file:   standardization_backup/init.d/01-fhs-structure-init.sh\\\\n\\\\tnew file:   standardization_backup/init.d/01-governance-init.sh\\\\n\\\\tnew file:   standardization_backup/init.d/02-modules-init.sh\\\\n\\\\tnew file:   standardization_backup/init.d/03-super-execution-init.sh\\\\n\\\\tnew file:   standardization_backup/init.d/04-trust-init.sh\\\\n\\\\tnew file:   standardization_backup/init.d/05-provenance-init.sh\\\\n\\\\tnew file:   standardization_backup/init.d/06-database-init.sh\\\\n\\\\tnew file:   standardization_backup/init.d/07-config-init.sh\\\\n\\\\tnew file:   standardization_backup/init.d/08-dependencies-init.sh\\\\n\\\\tnew file:   standardization_backup/init.d/09-logging-init.sh\\\\n\\\\tnew file:   standardization_backup/init.d/10-security-init.sh\\\\n\\\\tnew file:   standardization_backup/init.d/11-multiplatform-init.sh\\\\n\\\\tnew file:   standardization_backup/init.d/12-api-gateway-init.sh\\\\n\\\\tnew file:   standardization_backup/init.d/13-services-init.sh\\\\n\\\\tnew file:   standardization_backup/init.d/99-finalize.sh\\\\n\\\\tnew file:   standardization_backup/knowledge_base.json\\\\n\\\\tnew file:   standardization_backup/logs_event_driven.sh\\\\n\\\\tnew file:   standardization_backup/opt/machinenativenops/modules/config-manager/main.py\\\\n\\\\tnew file:   standardization_backup/package-lock.json\\\\n\\\\tnew file:   standardization_backup/package.json\\\\n\\\\tnew file:   standardization_backup/phase1_scanner.py\\\\n\\\\tnew file:   standardization_backup/phase2_operation_checker.py\\\\n\\\\tnew file:   standardization_backup/phase3_report.md\\\\n\\\\tnew file:   standardization_backup/phase3_visualizer.py\\\\n\\\\tnew file:   standardization_backup/phase4_learning_system.py\\\\n\\\\tnew file:   standardization_backup/phase4a_summary_report.json\\\\n\\\\tnew file:   standardization_backup/phase4c_medium_risk_review.py\\\\n\\\\tnew file:   standardization_backup/phase4c_review_report.json\\\\n\\\\tnew file:   standardization_backup/phase4d_detailed_security_analysis.json\\\\n\\\\tnew file:   standardization_backup/phase4d_detailed_security_analysis.py\\\\n\\\\tnew file:   standardization_backup/phase4d_security_audit.py\\\\n\\\\tnew file:   standardization_backup/phase4d_security_audit_report.json\\\\n\\\\tnew file:   standardization_backup/repository_cleanup_plan.md\\\\n\\\\tnew file:   standardization_backup/repository_explorer.py\\\\n\\\\tnew file:   standardization_backup/repository_map.json\\\\n\\\\tnew file:   standardization_backup/research/01-best-practices-research.md\\\\n\\\\tnew file:   standardization_backup/research/02-governance-closure-analysis.md\\\\n\\\\tnew file:   standardization_backup/research/03-root-architecture-analysis.md\\\\n\\\\tnew file:   standardization_backup/restart_event_driven.sh\\\\n\\\\tnew file:   standardization_backup/root.bootstrap.yaml\\\\n\\\\tnew file:   standardization_backup/root.env.sh\\\\n\\\\tnew file:   standardization_backup/root/.root.gates.map.yaml\\\\n\\\\tnew file:   standardization_backup/root/.root.jobs/concept-registry.json\\\\n\\\\tnew file:   standardization_backup/root/.root.jobs/semantic-root-attestations/initial-attestation.yaml\\\\n\\\\tnew file:   standardization_backup/root/.root.jobs/validation-rules.json\\\\n\\\\tnew file:   standardization_backup/root/.root.semantic-root.yaml\\\\n\\\\tnew file:   standardization_backup/root_layer_consistency_checker.py\\\\n\\\\tnew file:   standardization_backup/root_layer_consistency_report.json\\\\n\\\\tnew file:   standardization_backup/run_all_phases.sh\\\\n\\\\tnew file:   standardization_backup/schemas/change-request.schema.yaml\\\\n\\\\tnew file:   standardization_backup/schemas/exception-request.schema.yaml\\\\n\\\\tnew file:   standardization_backup/schemas/generation-request.schema.yaml\\\\n\\\\tnew file:   standardization_backup/schemas/validation-request.schema.yaml\\\\n\\\\tnew file:   standardization_backup/schemas/validation-response.schema.yaml\\\\n\\\\tnew file:   standardization_backup/scripts/auto-fix-issues.py\\\\n\\\\tnew file:   standardization_backup/scripts/auto-quality-check.py\\\\n\\\\tnew file:   standardization_backup/scripts/ci-error-analyzer.py\\\\n\\\\tnew file:   standardization_backup/scripts/init-automation.sh\\\\n\\\\tnew file:   standardization_backup/scripts/migration/axiom-namespace-migrator.py\\\\n\\\\tnew file:   standardization_backup/scripts/refactor/README.md\\\\n\\\\tnew file:   standardization_backup/scripts/repository-understanding/logs_event_driven.sh\\\\n\\\\tnew file:   standardization_backup/scripts/repository-understanding/restart_event_driven.sh\\\\n\\\\tnew file:   standardization_backup/scripts/repository-understanding/run_all_phases.sh\\\\n\\\\tnew file:   standardization_backup/scripts/repository-understanding/start_event_driven.sh\\\\n\\\\tnew file:   standardization_backup/scripts/repository-understanding/status_event_driven.sh\\\\n\\\\tnew file:   standardization_backup/scripts/repository-understanding/stop_event_driven.sh\\\\n\\\\tnew file:   standardization_backup/scripts/rollback.sh\\\\n\\\\tnew file:   standardization_backup/scripts/safe-refactor.sh\\\\n\\\\tnew file:   standardization_backup/scripts/test-ci-error-analyzer.py\\\\n\\\\tnew file:   standardization_backup/scripts/validate-structure.sh\\\\n\\\\tnew file:   standardization_backup/scripts/verify-automation.sh\\\\n\\\\tnew file:   standardization_backup/security_audit_final.json\\\\n\\\\tnew file:   standardization_backup/security_audit_post_fix.json\\\\n\\\\tnew file:   standardization_backup/security_audit_report.json\\\\n\\\\tnew file:   standardization_backup/security_audit_week2.json\\\\n\\\\tnew file:   standardization_backup/smart_merge_branches.py\\\\n\\\\tnew file:   standardization_backup/solution_proposal.md\\\\n\\\\tnew file:   standardization_backup/start_event_driven.sh\\\\n\\\\tnew file:   standardization_backup/status_event_driven.sh\\\\n\\\\tnew file:   standardization_backup/stop_event_driven.sh\\\\n\\\\tnew file:   standardization_backup/templates/ci/github-actions-naming-check.yml\\\\n\\\\tnew file:   standardization_backup/templates/monitoring/prometheus-rules.yaml\\\\n\\\\tnew file:   standardization_backup/tests/README.md\\\\n\\\\tnew file:   standardization_backup/tests/fixtures/sample_artifacts.json\\\\n\\\\tnew file:   standardization_backup/tests/fixtures/sample_config.yaml\\\\n\\\\tnew file:   standardization_backup/tests/fixtures/sample_namespaces.json\\\\n\\\\tnew file:   standardization_backup/tests/helpers/test_base.py\\\\n\\\\tnew file:   standardization_backup/tests/unit/test_artifact_validation.py\\\\n\\\\tnew file:   standardization_backup/tests/unit/test_helpers.py\\\\n\\\\tnew file:   standardization_backup/workspace/AAPS_INTEGRATION_SUMMARY.md\\\\n\\\\tnew file:   standardization_backup/workspace/AAPS_MARKETPLACE_INTEGRATION_PLAN.md\\\\n\\\\tnew file:   standardization_backup/workspace/AAPS_PHASE1_COMPLETION_SUMMARY.md\\\\n\\\\tnew file:   standardization_backup/workspace/AAPS_UNIFIED_GATES_OPTIMIZATION.md\\\\n\\\\tnew file:   standardization_backup/workspace/ACCEPTANCE_CHECKLIST.md\\\\n\\\\tnew file:   standardization_backup/workspace/AUTOMATED_MEMORY_SYSTEM_COMPLETE.md\\\\n\\\\tnew file:   standardization_backup/workspace/CI_ISSUES_FIX_REPORT.md\\\\n\\\\tnew file:   standardization_backup/workspace/CONVERSATION_LOG.md\\\\n\\\\tnew file:   standardization_backup/workspace/FALSE_SUCCESS_METRICS_FIXED_REPORT.md\\\\n\\\\tnew file:   standardization_backup/workspace/IMMEDIATE_TASKS.md\\\\n\\\\tnew file:   standardization_backup/workspace/IMPLEMENTATION_ROADMAP.md\\\\n\\\\tnew file:   standardization_backup/workspace/LOCAL_FIXES_SUMMARY.md\\\\n\\\\tnew file:   standardization_backup/workspace/MULTI_AGENT_V1_SPECIFICATION_PACKAGE.md\\\\n\\\\tnew file:   standardization_backup/workspace/NAMESPACE_MCP_AXIOM_INTEGRATION.yaml\\\\n\\\\tnew file:   standardization_backup/workspace/PHASE1_COMPREHENSIVE_AUDIT.md\\\\n\\\\tnew file:   standardization_backup/workspace/PHASE2_DETAILED_ROADMAP.md\\\\n\\\\tnew file:   standardization_backup/workspace/PROJECT_RESTRUCTURE_REPORT.md\\\\n\\\\tnew file:   standardization_backup/workspace/README.md\\\\n\\\\tnew file:   standardization_backup/workspace/ROOT_SPECS_GUIDE.md\\\\n\\\\tnew file:   standardization_backup/workspace/SUPERNINJA-MODE-SYSTEM-COMPLETE.md\\\\n\\\\tnew file:   standardization_backup/workspace/TECH_DEBT_SCAN_REPORT.json\\\\n\\\\tnew file:   standardization_backup/workspace/WORKSPACE_CLEANUP_REPORT.md\\\\n\\\\tnew file:   standardization_backup/workspace/assessment_system/ENTERPRISE_GOVERNANCE_COMPLETE.md\\\\n\\\\tnew file:   standardization_backup/workspace/assessment_system/complete_refactor_assessment.md\\\\n\\\\tnew file:   standardization_backup/workspace/assessment_system/migration_execution_checklist.md\\\\n\\\\tnew file:   standardization_backup/workspace/assessment_system/migration_visual_comparison.md\\\\n\\\\tnew file:   standardization_backup/workspace/auto-fix-bot.yml\\\\n\\\\tnew file:   standardization_backup/workspace/config/.auto-fix-bot.yml\\\\n\\\\tnew file:   standardization_backup/workspace/config/.eslintrc.yaml\\\\n\\\\tnew file:   standardization_backup/workspace/config/.markdownlint.json\\\\n\\\\tnew file:   standardization_backup/workspace/config/.pre-commit-config.yaml\\\\n\\\\tnew file:   standardization_backup/workspace/config/README.md\\\\n\\\\tnew file:   standardization_backup/workspace/config/agents/README.md\\\\n\\\\tnew file:   standardization_backup/workspace/config/agents/profiles/recovery_expert.yaml\\\\n\\\\tnew file:   standardization_backup/workspace/config/agents/schemas/virtual-experts.schema.json\\\\n\\\\tnew file:   standardization_backup/workspace/config/agents/team/virtual-experts.yaml\\\\n\\\\tnew file:   standardization_backup/workspace/config/autofix/config.json\\\\n\\\\tnew file:   standardization_backup/workspace/config/autofix/rules/performance-rules.yaml\\\\n\\\\tnew file:   standardization_backup/workspace/config/autofix/rules/security-rules.yaml\\\\n\\\\tnew file:   standardization_backup/workspace/config/automation/automation.yaml\\\\n\\\\tnew file:   standardization_backup/workspace/config/automation/pipelines/integration_pipeline.yaml\\\\n\\\\tnew file:   standardization_backup/workspace/config/automation/pipelines/refactor_pipeline.yaml\\\\n\\\\tnew file:   standardization_backup/workspace/config/axiom/axiom-global-baseline-v2.yaml\\\\n\\\\tnew file:   standardization_backup/workspace/config/axiom/global-baseline-v2-machinenativeops.yaml\\\\n\\\\tnew file:   standardization_backup/workspace/config/axiom/integration_plan.yaml\\\\n\\\\tnew file:   standardization_backup/workspace/config/axiom/layer-directory-mapping.yaml\\\\n\\\\tnew file:   standardization_backup/workspace/config/axiom/layer_gap_analysis.yaml\\\\n\\\\tnew file:   standardization_backup/workspace/config/axiom/refactor_completion_report.yaml\\\\n\\\\tnew file:   standardization_backup/workspace/config/axioms/global-baseline-v2.yaml\\\\n\\\\tnew file:   standardization_backup/workspace/config/brand-mapping.yaml\\\\n\\\\tnew file:   standardization_backup/workspace/config/build-tools/auto-scaffold.json\\\\n\\\\tnew file:   standardization_backup/workspace/config/build-tools/components.json\\\\n\\\\tnew file:   standardization_backup/workspace/config/build-tools/tsconfig.json\\\\n\\\\tnew file:   standardization_backup/workspace/config/builder-system-prompt.yaml\\\\n\\\\tnew file:   standardization_backup/workspace/config/ci-cd/auto-fix-bot .prompt.yml\\\\n\\\\tnew file:   standardization_backup/workspace/config/ci-cd/auto-fix-bot.prompt.yml\\\\n\\\\tnew file:   standardization_backup/workspace/config/ci-cd/auto-fix-bot.yml\\\\n\\\\tnew file:   standardization_backup/workspace/config/ci-cd/ci-agent-config.yaml\\\\n\\\\tnew file:   standardization_backup/workspace/config/ci-cd/ci-comprehensive-solution.yaml\\\\n\\\\tnew file:   standardization_backup/workspace/config/ci-cd/ci-config.yaml\\\\n\\\\tnew file:   standardization_backup/workspace/config/ci-cd/ci-error-handler.yaml\\\\n\\\\tnew file:   standardization_backup/workspace/config/ci-cd/drone-config.yml\\\\n\\\\tnew file:   standardization_backup/workspace/config/ci-cd/github-actions/main.yml\\\\n\\\\tnew file:   standardization_backup/workspace/config/ci-error-analyzer.yaml\\\\n\\\\tnew file:   standardization_backup/workspace/config/cloud-agent-delegation.yml\\\\n\\\\tnew file:   standardization_backup/workspace/config/dependencies.yaml\\\\n\\\\tnew file:   standardization_backup/workspace/config/deployment/docker-compose.dev.yml\\\\n\\\\tnew file:   standardization_backup/workspace/config/deployment/docker-compose.phase1.yml\\\\n\\\\tnew file:   standardization_backup/workspace/config/deployment/docker-compose.yml\\\\n\\\\tnew file:   standardization_backup/workspace/config/deployment/instant-execution-pipeline.yaml\\\\n\\\\tnew file:   standardization_backup/workspace/config/dev/CHANGELOG.md\\\\n\\\\tnew file:   standardization_backup/workspace/config/dev/COMPLETION_REPORT.md\\\\n\\\\tnew file:   standardization_backup/workspace/config/dev/KB.md\\\\n\\\\tnew file:   standardization_backup/workspace/config/dev/KIND_CLUSTER_README.md\\\\n\\\\tnew file:   standardization_backup/workspace/config/dev/QUICK_REFERENCE.md\\\\n\\\\tnew file:   standardization_backup/workspace/config/dev/QUICK_START.md\\\\n\\\\tnew file:   standardization_backup/workspace/config/dev/README.md\\\\n\\\\tnew file:   standardization_backup/workspace/config/dev/SOLUTION_SUMMARY.md\\\\n\\\\tnew file:   standardization_backup/workspace/config/dev/TEST-GUIDE.md\\\\n\\\\tnew file:   standardization_backup/workspace/config/dev/VALIDATION_CHECKLIST.md\\\\n\\\\tnew file:   standardization_backup/workspace/config/dev/automation/deployment-drone.sh\\\\n\\\\tnew file:   standardization_backup/workspace/config/dev/automation/drone-coordinator.py\\\\n\\\\tnew file:   standardization_backup/workspace/config/dev/devcontainer-v2.json\\\\n\\\\tnew file:   standardization_backup/workspace/config/dev/devcontainer.json\\\\n\\\\tnew file:   standardization_backup/workspace/config/dev/docker-compose.dev.yml\\\\n\\\\tnew file:   standardization_backup/workspace/config/dev/docker-compose.yml\\\\n\\\\tnew file:   standardization_backup/workspace/config/dev/grafana/provisioning/dashboards/life-system.yml\\\\n\\\\tnew file:   standardization_backup/workspace/config/dev/grafana/provisioning/datasources/prometheus.yml\\\\n\\\\tnew file:   standardization_backup/workspace/config/dev/install-optional-tools.sh\\\\n\\\\tnew file:   standardization_backup/workspace/config/dev/kind-cluster-config.yaml\\\\n\\\\tnew file:   standardization_backup/workspace/config/dev/life-system-README.md\\\\n\\\\tnew file:   standardization_backup/workspace/config/dev/prometheus.yml\\\\n\\\\tnew file:   standardization_backup/workspace/config/dev/setup.sh\\\\n\\\\tnew file:   standardization_backup/workspace/config/dev/start-dev-server.sh\\\\n\\\\tnew file:   standardization_backup/workspace/config/dev/templates/docker/validate-dockerfiles.sh\\\\n\\\\tnew file:   standardization_backup/workspace/config/dev/validation-system/README.md\\\\n\\\\tnew file:   standardization_backup/workspace/config/dev/validation-system/config/dynamic-adjustment-rules.yaml\\\\n\\\\tnew file:   standardization_backup/workspace/config/dev/validation-system/config/hybrid-weights-config.yaml\\\\n\\\\tnew file:   standardization_backup/workspace/config/dev/validation-system/config/quantum-validation-policy.yaml\\\\n\\\\tnew file:   standardization_backup/workspace/config/dev/validation-system/manifests/dynamic-validator-deployment.yaml\\\\n\\\\tnew file:   standardization_backup/workspace/config/dev/validation-system/manifests/hybrid-decider-service.yaml\\\\n\\\\tnew file:   standardization_backup/workspace/config/dev/validation-system/manifests/quantum-scanner-daemonset.yaml\\\\n\\\\tnew file:   standardization_backup/workspace/config/dev/validation-system/reports/pr-local/EXECUTION_STATUS.md.json\\\\n\\\\tnew file:   standardization_backup/workspace/config/dev/validation-system/reports/pr-local/adaptive-decision-demo.json\\\\n\\\\tnew file:   standardization_backup/workspace/config/dev/validation-system/reports/pr-local/layer-standardization-governance.yaml.json\\\\n\\\\tnew file:   standardization_backup/workspace/config/dev/validation-system/reports/pr-local/module-interaction-governance.yaml.json\\\\n\\\\tnew file:   standardization_backup/workspace/config/dev/validation-system/reports/pr-local/performance-calibration-governance.yaml.json\\\\n\\\\tnew file:   standardization_backup/workspace/config/dev/validation-system/reports/pr-local/quantum-maturity-governance.yaml.json\\\\n\\\\tnew file:   standardization_backup/workspace/config/dev/validation-system/reports/pr-local/resource-optimization-governance.yaml.json\\\\n\\\\tnew file:   standardization_backup/workspace/config/dev/validation-system/reports/pr-local/\\\\n---\\\\nFull output is available at \\\'/workspace/outputs/workspace_output_GIT_REPOSITORY_STANDARDIZATION_9162.txt\\\'.\\\\nPlease grep from the the full output if you need specific information.",\\n  "exit_code": 0,\\n  "cwd": "/workspace"\\n}\') </execute-command> </tool_result>'}